Image_Count_Nuclei,Image_FileName_OrigDAPI,Image_Metadata_Site,Image_Metadata_Well
7,"mcf-z-stacks-03212011_a01_s1_w197083f74-b742-4ab9-ae46-d58ae8bfa7b6.tif",1,"a01",
18,"mcf-z-stacks-03212011_a01_s2_w1a63ef720-8648-425b-a84d-dcf2f6bb0044.tif",2,"a01",
68,"mcf-z-stacks-03212011_a02_s1_w1ebe36734-a690-47f3-a2f9-83b58c8b620f.tif",1,"a02",
80,"mcf-z-stacks-03212011_a02_s2_w1376ffd1a-e96b-43ca-9d96-fd2a282c9573.tif",2,"a02",
11,"mcf-z-stacks-03212011_a03_s1_w1554aa323-1f38-43c3-b903-f980606cb01a.tif",1,"a03",
11,"mcf-z-stacks-03212011_a03_s2_w14c2d3c73-6dea-43cc-b1b6-bab977c2e85d.tif",2,"a03",
97,"mcf-z-stacks-03212011_a04_s1_w1a59e3e59-55c7-4573-9706-77bb654b2845.tif",1,"a04",
44,"mcf-z-stacks-03212011_a04_s2_w16034fcf1-9fbc-45a4-84e2-a661f8121b9d.tif",2,"a04",
40,"mcf-z-stacks-03212011_a05_s1_w1ccc688f6-1111-4ce7-91f4-93a42a221eda.tif",1,"a05",
39,"mcf-z-stacks-03212011_a05_s2_w174e6a282-ee79-46de-8d0a-2c1ca1fa2b0f.tif",2,"a05",
114,"mcf-z-stacks-03212011_a06_s1_w15baad407-9f09-46dc-a64f-1661936ecfde.tif",1,"a06",
96,"mcf-z-stacks-03212011_a06_s2_w186ccd309-e491-498e-b941-ada128a7fd43.tif",2,"a06",
51,"mcf-z-stacks-03212011_a07_s1_w18f9fc8d5-f75f-454d-90ff-fa2aa510fb7c.tif",1,"a07",
58,"mcf-z-stacks-03212011_a07_s2_w107b5a50f-e5e9-452c-bfe7-90d59d907dc5.tif",2,"a07",
148,"mcf-z-stacks-03212011_a08_s1_w1ae7d540e-3a27-4457-9aff-6df5b53a1176.tif",1,"a08",
74,"mcf-z-stacks-03212011_a08_s2_w15724a337-d4e5-4e98-aeac-aabe616f1629.tif",2,"a08",
85,"mcf-z-stacks-03212011_a09_s1_w17c8446fa-e3b6-40eb-a243-13a0a19b2f4e.tif",1,"a09",
63,"mcf-z-stacks-03212011_a09_s2_w1779327d6-a779-48dc-8054-dd4ba8d821ba.tif",2,"a09",
31,"mcf-z-stacks-03212011_a10_s1_w16dea942c-05d2-4914-a4a4-a372f223d2ce.tif",1,"a10",
30,"mcf-z-stacks-03212011_a10_s2_w10d92a532-e254-4349-afdc-1ddfc0f6b125.tif",2,"a10",
6,"mcf-z-stacks-03212011_a11_s1_w1e3b0d5fe-1ade-4f3e-ba75-186050a8ab12.tif",1,"a11",
65,"mcf-z-stacks-03212011_a11_s2_w1bfac31bf-3ab9-4549-adae-e2f3a27c97b4.tif",2,"a11",
124,"mcf-z-stacks-03212011_a12_s1_w1935e747e-44de-435a-906c-4e0bace140a9.tif",1,"a12",
128,"mcf-z-stacks-03212011_a12_s2_w1ea7b483f-67fc-41c1-94ff-1c4af996fc74.tif",2,"a12",
146,"mcf-z-stacks-03212011_a13_s1_w1f58539ff-c61a-40be-a3b9-eb2de6298958.tif",1,"a13",
152,"mcf-z-stacks-03212011_a13_s2_w195e69208-50db-4251-b3ac-555258d4e8fe.tif",2,"a13",
151,"mcf-z-stacks-03212011_a14_s1_w1722b1758-df41-4fcd-a790-d9377aa17261.tif",1,"a14",
157,"mcf-z-stacks-03212011_a14_s2_w190085425-0d9d-412e-937a-df3cd5a6a8ac.tif",2,"a14",
148,"mcf-z-stacks-03212011_a15_s1_w120e3f93c-f141-4b17-b68c-5067dc4761a1.tif",1,"a15",
125,"mcf-z-stacks-03212011_a15_s2_w18bec92ee-d90d-4bfe-a550-45ac352ef256.tif",2,"a15",
91,"mcf-z-stacks-03212011_a16_s1_w1e47b0e6e-a82a-4b86-b62a-e9a89b34a9f3.tif",1,"a16",
125,"mcf-z-stacks-03212011_a16_s2_w16e18cdd4-ed88-40df-9e3f-73dd99542115.tif",2,"a16",
92,"mcf-z-stacks-03212011_a17_s1_w113e13f9e-9a9c-437d-a998-3dcf94f2168c.tif",1,"a17",
121,"mcf-z-stacks-03212011_a17_s2_w1d4870cb3-b2a5-445f-b8a5-bc3a56878f85.tif",2,"a17",
102,"mcf-z-stacks-03212011_a18_s1_w1bb52af34-3c6f-4dec-94d9-bb4504b59d18.tif",1,"a18",
136,"mcf-z-stacks-03212011_a18_s2_w154bdabc2-e8db-4406-a33b-04a31dec0b94.tif",2,"a18",
65,"mcf-z-stacks-03212011_a19_s1_w18ec2178b-b6d7-456b-b1a9-0ecbc4657e50.tif",1,"a19",
92,"mcf-z-stacks-03212011_a19_s2_w14b389630-fa27-4f47-8fa6-24d4a4c3868f.tif",2,"a19",
102,"mcf-z-stacks-03212011_a20_s1_w1c47ac927-fcd9-4a39-8204-cf74c8048624.tif",1,"a20",
84,"mcf-z-stacks-03212011_a20_s2_w183f8e221-d87f-47c2-8234-6972119d2e99.tif",2,"a20",
71,"mcf-z-stacks-03212011_a21_s1_w1d104d670-cce9-4ad3-b2d2-709f7e55de95.tif",1,"a21",
106,"mcf-z-stacks-03212011_a21_s2_w12774838a-d8f8-4454-bdbd-cfe93b3e6af4.tif",2,"a21",
63,"mcf-z-stacks-03212011_a22_s1_w1066eb80f-c97d-494e-8684-6fcb7036491a.tif",1,"a22",
86,"mcf-z-stacks-03212011_a22_s2_w1ba0dfc35-fcdc-4f77-bf1b-7980b585e9e6.tif",2,"a22",
46,"mcf-z-stacks-03212011_a23_s1_w1335f2fc4-3898-4cbe-9f6c-781d7d337130.tif",1,"a23",
101,"mcf-z-stacks-03212011_a23_s2_w1ca083a45-6a7f-4a82-bb2e-155a96f47b9a.tif",2,"a23",
77,"mcf-z-stacks-03212011_a24_s1_w1d007afd5-caed-48f1-8adb-c4bd9d7a8f72.tif",1,"a24",
92,"mcf-z-stacks-03212011_a24_s2_w185f0a788-07f7-4ac8-a4b6-ff0dd317193e.tif",2,"a24",
69,"mcf-z-stacks-03212011_b01_s1_w15af2440d-10dc-4fd3-b612-d50436d99121.tif",1,"b01",
83,"mcf-z-stacks-03212011_b01_s2_w110565c4e-72ff-4730-999b-a7596b9607d3.tif",2,"b01",
106,"mcf-z-stacks-03212011_b02_s1_w13be0dd7d-3fac-4e20-80da-6e7a384d93de.tif",1,"b02",
101,"mcf-z-stacks-03212011_b02_s2_w1336e22c1-8623-461c-88cc-92dbbf0307b8.tif",2,"b02",
96,"mcf-z-stacks-03212011_b03_s1_w1afa18a31-48a6-471b-875c-af1e0748dff8.tif",1,"b03",
105,"mcf-z-stacks-03212011_b03_s2_w12a447d4d-dff1-4b43-991b-441a8be7d49f.tif",2,"b03",
93,"mcf-z-stacks-03212011_b04_s1_w16af25eb0-e698-42c7-a5a0-e455c97e6734.tif",1,"b04",
140,"mcf-z-stacks-03212011_b04_s2_w14aa98990-c624-4448-90ca-b1c031932bf7.tif",2,"b04",
113,"mcf-z-stacks-03212011_b05_s1_w1e2e52e21-313a-4ff4-9053-a0073894d43a.tif",1,"b05",
132,"mcf-z-stacks-03212011_b05_s2_w13431e225-4857-446e-8a8d-6e619b1774ea.tif",2,"b05",
57,"mcf-z-stacks-03212011_b06_s1_w121b18d6e-4e50-4090-a245-4abe4fa4e6a3.tif",1,"b06",
104,"mcf-z-stacks-03212011_b06_s2_w180c7fb68-d147-400d-9fc9-13dafd53ac56.tif",2,"b06",
98,"mcf-z-stacks-03212011_b07_s1_w16d4ecff3-fe66-4c88-a16c-17ad673e2858.tif",1,"b07",
131,"mcf-z-stacks-03212011_b07_s2_w1b826997c-9a89-4cca-844b-4e2bece5cd5b.tif",2,"b07",
101,"mcf-z-stacks-03212011_b08_s1_w13233b559-0784-4cc5-91b3-9b4225f66329.tif",1,"b08",
83,"mcf-z-stacks-03212011_b08_s2_w1f8c2b2ec-a7ab-4ccc-818e-45d053818201.tif",2,"b08",
105,"mcf-z-stacks-03212011_b09_s1_w1fb269bfb-9cae-49c5-9efb-2315d5adad85.tif",1,"b09",
48,"mcf-z-stacks-03212011_b09_s2_w1fec52fde-d438-4ebf-bdb5-a4313307827e.tif",2,"b09",
127,"mcf-z-stacks-03212011_b10_s1_w1ad030bb1-15af-403d-95b3-d94e26f85599.tif",1,"b10",
127,"mcf-z-stacks-03212011_b10_s2_w1471a9019-2593-4b1e-9392-48f55b1fce5e.tif",2,"b10",
137,"mcf-z-stacks-03212011_b11_s1_w14ba28b3a-750c-4b21-8573-92d58f01b54b.tif",1,"b11",
142,"mcf-z-stacks-03212011_b11_s2_w12550cc70-f258-44c9-ab26-8afaf224f145.tif",2,"b11",
143,"mcf-z-stacks-03212011_b12_s1_w19458cde6-e260-4994-b83a-69bb62c3aefd.tif",1,"b12",
144,"mcf-z-stacks-03212011_b12_s2_w1a33db1b3-8263-4a6f-aa3f-5b3baf501dae.tif",2,"b12",
120,"mcf-z-stacks-03212011_b13_s1_w1ba9246c6-1347-4a16-80d3-5ef894d53a38.tif",1,"b13",
121,"mcf-z-stacks-03212011_b13_s2_w17fadfd8e-6442-4077-8ab5-5901656dd73a.tif",2,"b13",
151,"mcf-z-stacks-03212011_b14_s1_w108124ca1-93ef-449f-93a1-1bb1488c0bcb.tif",1,"b14",
126,"mcf-z-stacks-03212011_b14_s2_w1c99dacab-386f-44fc-aea5-cbbed912467c.tif",2,"b14",
67,"mcf-z-stacks-03212011_b15_s1_w17fd3c38e-3ba4-4f13-a3e6-07a04285d311.tif",1,"b15",
136,"mcf-z-stacks-03212011_b15_s2_w124df77d3-9b03-42e7-b59e-735e3cb96ab8.tif",2,"b15",
94,"mcf-z-stacks-03212011_b16_s1_w127e6967d-e392-498f-908e-67615cceaec4.tif",1,"b16",
152,"mcf-z-stacks-03212011_b16_s2_w17936f817-f648-4340-968e-0fe72deef4e6.tif",2,"b16",
89,"mcf-z-stacks-03212011_b17_s1_w128dc633c-2c14-424c-89f0-25d7c05418fe.tif",1,"b17",
119,"mcf-z-stacks-03212011_b17_s2_w1d48afcbf-1704-41a6-9ffe-2858defd84fc.tif",2,"b17",
142,"mcf-z-stacks-03212011_b18_s1_w1e7749bb9-391d-46dd-8b14-2bdfd88a7137.tif",1,"b18",
113,"mcf-z-stacks-03212011_b18_s2_w114c8e74d-184c-4bca-906b-a1e806400c8a.tif",2,"b18",
135,"mcf-z-stacks-03212011_b19_s1_w19602f6c9-b8ca-48a8-beee-c88173cfd697.tif",1,"b19",
135,"mcf-z-stacks-03212011_b19_s2_w19e360a71-2818-4b6b-a1cd-b0468ced8a72.tif",2,"b19",
2,"mcf-z-stacks-03212011_b20_s1_w1a7f21f12-c747-44f2-a513-64dc7db4ff8b.tif",1,"b20",
16,"mcf-z-stacks-03212011_b20_s2_w160b09519-ac3c-4ea7-a144-f3b46ae0ca54.tif",2,"b20",
83,"mcf-z-stacks-03212011_b21_s1_w1c34c1bc2-5b81-4c70-ac4a-99156aa5ee94.tif",1,"b21",
97,"mcf-z-stacks-03212011_b21_s2_w15e811012-d81a-4ef7-90b3-378f1f698401.tif",2,"b21",
123,"mcf-z-stacks-03212011_b22_s1_w143bea54f-5d2e-4a1d-9d19-4cea4fe1bc4c.tif",1,"b22",
94,"mcf-z-stacks-03212011_b22_s2_w13e58421e-8167-4443-90c1-3c1cefc9981e.tif",2,"b22",
85,"mcf-z-stacks-03212011_b23_s1_w1e18bddc1-4242-4818-8641-95aaf8f0b558.tif",1,"b23",
140,"mcf-z-stacks-03212011_b23_s2_w17651211d-ba08-4fbe-9384-94d5e93ed85a.tif",2,"b23",
11,"mcf-z-stacks-03212011_b24_s1_w1943a303d-7945-43e0-9055-7dc2452cb4fe.tif",1,"b24",
21,"mcf-z-stacks-03212011_b24_s2_w1b9688104-f32a-4649-aca2-4e4f1bf5550c.tif",2,"b24",
112,"mcf-z-stacks-03212011_c01_s1_w1cce004cb-376d-4702-a342-753d45d7c47c.tif",1,"c01",
70,"mcf-z-stacks-03212011_c01_s2_w1433d8169-2c8d-4dc4-8ec7-8be6860ed6f3.tif",2,"c01",
120,"mcf-z-stacks-03212011_c02_s1_w17f5eeb78-8e83-49bb-b9e2-714e2171a571.tif",1,"c02",
88,"mcf-z-stacks-03212011_c02_s2_w1670c50c8-c1e0-4918-85b2-9a3399a93ae9.tif",2,"c02",
126,"mcf-z-stacks-03212011_c03_s1_w10ce3864f-6b04-4e91-968f-7d2b013220ea.tif",1,"c03",
84,"mcf-z-stacks-03212011_c03_s2_w1b95c4b0f-c85a-4739-9706-27b29e8fb9ba.tif",2,"c03",
21,"mcf-z-stacks-03212011_c04_s1_w12109e708-96aa-4c7e-b117-2d4a5c09ade4.tif",1,"c04",
25,"mcf-z-stacks-03212011_c04_s2_w155599ead-2ec5-44d3-b138-b4d2158dd266.tif",2,"c04",
124,"mcf-z-stacks-03212011_c05_s1_w1a2944bd3-6a9a-43ff-a31a-f69dcd6bccf6.tif",1,"c05",
142,"mcf-z-stacks-03212011_c05_s2_w1a151c753-79c9-4662-b8b3-280a0d8d60ad.tif",2,"c05",
119,"mcf-z-stacks-03212011_c06_s1_w127c7bcf9-a692-44e7-bb33-76137d792cae.tif",1,"c06",
114,"mcf-z-stacks-03212011_c06_s2_w11a59241f-54e1-4546-a55c-633f93a5219c.tif",2,"c06",
117,"mcf-z-stacks-03212011_c07_s1_w1cf96ac39-1b63-4db0-bbcf-f0ebf201ae08.tif",1,"c07",
89,"mcf-z-stacks-03212011_c07_s2_w1badcbb54-9a03-4427-a25a-dd7b4e9811e8.tif",2,"c07",
23,"mcf-z-stacks-03212011_c08_s1_w1ab38fd90-dafa-4f03-853d-2a0ccebd47e6.tif",1,"c08",
25,"mcf-z-stacks-03212011_c08_s2_w18e84a50d-8083-44ce-bbd1-bf578a4f8dd1.tif",2,"c08",
119,"mcf-z-stacks-03212011_c09_s1_w18bb2736d-2019-4a8e-b3b4-e13325b67948.tif",1,"c09",
118,"mcf-z-stacks-03212011_c09_s2_w177a1a7dc-69a5-44cd-8724-d0584459954a.tif",2,"c09",
103,"mcf-z-stacks-03212011_c10_s1_w12fb12131-28a3-40e9-bb32-35469fffb413.tif",1,"c10",
100,"mcf-z-stacks-03212011_c10_s2_w10ffa6ffa-04d3-44d2-916d-4a5db6c0f995.tif",2,"c10",
121,"mcf-z-stacks-03212011_c11_s1_w1d49e7f79-f210-4cc7-a33c-fd80b668f610.tif",1,"c11",
133,"mcf-z-stacks-03212011_c11_s2_w10ebf9f19-18c7-49fd-90ee-634b6deeeea3.tif",2,"c11",
138,"mcf-z-stacks-03212011_c12_s1_w14d769f67-8e7b-4ff5-9847-da85879a824a.tif",1,"c12",
123,"mcf-z-stacks-03212011_c12_s2_w1a1575c32-b0a3-4a46-8fcb-9bf290bc284a.tif",2,"c12",
105,"mcf-z-stacks-03212011_c13_s1_w1809f8bba-37fd-4385-a8d1-d5ff166c2f2c.tif",1,"c13",
95,"mcf-z-stacks-03212011_c13_s2_w1c80dd2d1-1c03-4cba-a6e5-964e4c2f8ffc.tif",2,"c13",
113,"mcf-z-stacks-03212011_c14_s1_w13ff55702-3195-481a-b492-d0331aa7a905.tif",1,"c14",
69,"mcf-z-stacks-03212011_c14_s2_w1a450e996-590e-4e9a-9e53-7ab621c33059.tif",2,"c14",
79,"mcf-z-stacks-03212011_c15_s1_w106296d6c-fb19-4fd3-bb82-c3beaeeec4dc.tif",1,"c15",
120,"mcf-z-stacks-03212011_c15_s2_w1261144b3-9804-4a9e-aa99-21479d0e7f03.tif",2,"c15",
102,"mcf-z-stacks-03212011_c16_s1_w13d0c492c-9c69-4e18-b46f-51756dd7b294.tif",1,"c16",
113,"mcf-z-stacks-03212011_c16_s2_w19b53f2e2-eb23-4967-92f4-97239b848371.tif",2,"c16",
81,"mcf-z-stacks-03212011_c17_s1_w1751ace5d-917e-4a1c-80b6-de57c7041db8.tif",1,"c17",
93,"mcf-z-stacks-03212011_c17_s2_w1ae9fef8b-4a6f-4080-a089-6f802ce97910.tif",2,"c17",
130,"mcf-z-stacks-03212011_c18_s1_w18b7b53fc-3595-42a7-8f48-ccafef8a8cd2.tif",1,"c18",
124,"mcf-z-stacks-03212011_c18_s2_w1faac485e-0352-4fcd-8ca4-774698f225f0.tif",2,"c18",
135,"mcf-z-stacks-03212011_c19_s1_w167eb822e-d953-4a3b-a960-5554867f64cc.tif",1,"c19",
118,"mcf-z-stacks-03212011_c19_s2_w1b92dfe42-7539-4543-8af8-ef5603cb3ae3.tif",2,"c19",
147,"mcf-z-stacks-03212011_c20_s1_w110186488-93ee-450e-8eac-f00f632652c9.tif",1,"c20",
96,"mcf-z-stacks-03212011_c20_s2_w1d9dd5c0f-5a76-474d-ac7d-662c5a6803bf.tif",2,"c20",
78,"mcf-z-stacks-03212011_c21_s1_w12a8e8aa1-e488-40b2-9238-573cbbd7f3e2.tif",1,"c21",
78,"mcf-z-stacks-03212011_c21_s2_w1a950b9c2-049e-4f6b-b0b1-2b9a0fc1853e.tif",2,"c21",
121,"mcf-z-stacks-03212011_c22_s1_w10e352ff5-0468-4423-af15-a3f199072df8.tif",1,"c22",
145,"mcf-z-stacks-03212011_c22_s2_w11b6b3b64-6d9b-4a73-b5af-d7acc24bfac3.tif",2,"c22",
80,"mcf-z-stacks-03212011_c23_s1_w147093d33-ed26-4172-8ead-0db04ca98db9.tif",1,"c23",
129,"mcf-z-stacks-03212011_c23_s2_w18b292726-5b88-43f9-8d9c-d3f851b060a4.tif",2,"c23",
69,"mcf-z-stacks-03212011_c24_s1_w1940364f1-cde3-46c0-8a99-48a6393b8bd7.tif",1,"c24",
56,"mcf-z-stacks-03212011_c24_s2_w108387cd7-57d4-4f0e-93ea-b30f9c7c30f7.tif",2,"c24",
72,"mcf-z-stacks-03212011_d01_s1_w121b3d679-d747-4ea3-8c81-d073e3a46b6e.tif",1,"d01",
75,"mcf-z-stacks-03212011_d01_s2_w1bca385fa-8c59-486f-b894-7c6998b36c61.tif",2,"d01",
122,"mcf-z-stacks-03212011_d02_s1_w1c7d50de7-d59f-48fe-9653-6e9800040fa3.tif",1,"d02",
91,"mcf-z-stacks-03212011_d02_s2_w1923a2159-f276-4ae4-a927-5cb301ebc7b9.tif",2,"d02",
144,"mcf-z-stacks-03212011_d03_s1_w1e7eb3f06-340f-4359-b899-12a9c529cd69.tif",1,"d03",
135,"mcf-z-stacks-03212011_d03_s2_w1c7ac69ce-8ee5-4bc2-b548-d6f3b6269107.tif",2,"d03",
79,"mcf-z-stacks-03212011_d04_s1_w1ca787485-f4b7-4955-b687-28ee723bffdd.tif",1,"d04",
104,"mcf-z-stacks-03212011_d04_s2_w138e52a3a-c782-4b30-9dc0-a96196d40b12.tif",2,"d04",
105,"mcf-z-stacks-03212011_d05_s1_w1ac7e0720-620b-4401-8e74-d9cd80146d73.tif",1,"d05",
112,"mcf-z-stacks-03212011_d05_s2_w162541347-42d9-4b8c-a0a1-12b176dc8b6a.tif",2,"d05",
118,"mcf-z-stacks-03212011_d06_s1_w169a8decf-a8c1-43bb-b3da-bc6ea4fc5f08.tif",1,"d06",
107,"mcf-z-stacks-03212011_d06_s2_w17c7ac77a-1614-492c-908d-6b100a06e017.tif",2,"d06",
97,"mcf-z-stacks-03212011_d07_s1_w1d33dc7e1-a1e9-4879-872b-336432294fb3.tif",1,"d07",
131,"mcf-z-stacks-03212011_d07_s2_w1acdc81bc-7bde-4a36-9529-148e0a168ab5.tif",2,"d07",
127,"mcf-z-stacks-03212011_d08_s1_w19bc77334-e484-4d14-b4b9-4c95f16c9610.tif",1,"d08",
104,"mcf-z-stacks-03212011_d08_s2_w1bf75e753-4d1f-4b3b-b6e1-7eca05c00b23.tif",2,"d08",
139,"mcf-z-stacks-03212011_d09_s1_w1b1838810-b456-40c7-9870-0e4a8d1e054a.tif",1,"d09",
169,"mcf-z-stacks-03212011_d09_s2_w1ccfeb9c2-75e0-42b5-a15c-472d238594ff.tif",2,"d09",
140,"mcf-z-stacks-03212011_d10_s1_w1c7ab09b3-2721-408f-9973-33e62e7de76a.tif",1,"d10",
109,"mcf-z-stacks-03212011_d10_s2_w1cc912441-73da-481f-bf2b-187db0960adb.tif",2,"d10",
111,"mcf-z-stacks-03212011_d11_s1_w137d599bd-38b9-41bf-a218-21eaf8ba8f09.tif",1,"d11",
130,"mcf-z-stacks-03212011_d11_s2_w1032f688a-b3dd-4274-9d3d-31c63a97dfda.tif",2,"d11",
132,"mcf-z-stacks-03212011_d12_s1_w1dcd0f46f-491e-4ef5-817a-eaef518b03ca.tif",1,"d12",
123,"mcf-z-stacks-03212011_d12_s2_w17d0c079d-495f-4247-bebe-0531c6865c25.tif",2,"d12",
84,"mcf-z-stacks-03212011_d13_s1_w12c0bbe29-0296-4d5f-8fba-8dd6cf10d7bc.tif",1,"d13",
78,"mcf-z-stacks-03212011_d13_s2_w188ce2033-caaa-4485-ab59-9a5a1a919942.tif",2,"d13",
85,"mcf-z-stacks-03212011_d14_s1_w1e97ab66a-bc84-4a8f-856d-8ea3704e24e0.tif",1,"d14",
91,"mcf-z-stacks-03212011_d14_s2_w140616f45-bb39-4cde-ac23-18be2398a3b3.tif",2,"d14",
95,"mcf-z-stacks-03212011_d15_s1_w1733bd7d3-9d5c-49ff-b087-a1e2ece35d93.tif",1,"d15",
89,"mcf-z-stacks-03212011_d15_s2_w1c3630d7f-8f1a-45e1-8559-5bf8467c5c5c.tif",2,"d15",
114,"mcf-z-stacks-03212011_d16_s1_w1ac8af2f1-cbfa-4ab7-b78c-f77a9eb78c7d.tif",1,"d16",
118,"mcf-z-stacks-03212011_d16_s2_w1357b944a-1f6c-4e62-8ba4-90693d502543.tif",2,"d16",
3,"mcf-z-stacks-03212011_d17_s1_w1349247ec-0c11-473e-ad73-3289abe54f87.tif",1,"d17",
7,"mcf-z-stacks-03212011_d17_s2_w1f01bd6d4-2c60-4085-84f5-00c7fcedcbdc.tif",2,"d17",
91,"mcf-z-stacks-03212011_d18_s1_w141770cb1-6b27-416d-af0b-f88f5728b2b6.tif",1,"d18",
81,"mcf-z-stacks-03212011_d18_s2_w1fa6c7016-3e56-4b0c-9e0b-fff7a9f99fb3.tif",2,"d18",
57,"mcf-z-stacks-03212011_d19_s1_w1d7c05798-d3f0-4da1-932a-180da4a81d19.tif",1,"d19",
56,"mcf-z-stacks-03212011_d19_s2_w13b690123-66c4-46a8-af05-d60806eef7c4.tif",2,"d19",
143,"mcf-z-stacks-03212011_d20_s1_w150b7d962-a8d2-4802-89be-d02c5691026e.tif",1,"d20",
106,"mcf-z-stacks-03212011_d20_s2_w1f59558ce-70a8-40ab-a109-cdea920f9640.tif",2,"d20",
133,"mcf-z-stacks-03212011_d21_s1_w11530578c-d973-4169-bc71-2256f8de311a.tif",1,"d21",
131,"mcf-z-stacks-03212011_d21_s2_w1a3afe98a-9f0c-47df-95f8-a641fba3a668.tif",2,"d21",
102,"mcf-z-stacks-03212011_d22_s1_w1dfc3781a-cea9-413b-b928-7a06a798bfd4.tif",1,"d22",
72,"mcf-z-stacks-03212011_d22_s2_w17e949d3b-078c-4893-8ec8-6764f5e7338f.tif",2,"d22",
125,"mcf-z-stacks-03212011_d23_s1_w12331c7ab-dfe9-407a-b6b2-28876baf2392.tif",1,"d23",
131,"mcf-z-stacks-03212011_d23_s2_w1fa696632-2b95-49dc-83cf-aa68d6e78cf6.tif",2,"d23",
84,"mcf-z-stacks-03212011_d24_s1_w1a6f00749-e8c4-486a-a43d-b6c3b3b8946f.tif",1,"d24",
86,"mcf-z-stacks-03212011_d24_s2_w1803cfe6f-636a-4ee6-8a80-6df6d35bfce6.tif",2,"d24",
96,"mcf-z-stacks-03212011_e01_s1_w1c4295d6a-40a2-43a8-95a3-67891fa7a33e.tif",1,"e01",
97,"mcf-z-stacks-03212011_e01_s2_w1a43dd337-9359-4c07-8ce3-d50388e1d406.tif",2,"e01",
114,"mcf-z-stacks-03212011_e02_s1_w1392253ae-6cf3-4174-bf51-b2e1abc89646.tif",1,"e02",
90,"mcf-z-stacks-03212011_e02_s2_w1cbcd1368-f209-4d96-9cd3-174bea8a925d.tif",2,"e02",
158,"mcf-z-stacks-03212011_e03_s1_w17b7eb345-89c4-4c81-82a2-ae1085779951.tif",1,"e03",
117,"mcf-z-stacks-03212011_e03_s2_w1537f7525-edfd-4b18-a824-5133f7a9eb8b.tif",2,"e03",
115,"mcf-z-stacks-03212011_e04_s1_w13a4a2fe1-89b6-4e35-a07c-b2c59134a499.tif",1,"e04",
128,"mcf-z-stacks-03212011_e04_s2_w1d0b67a9f-05df-4162-b09f-2d1d17efda25.tif",2,"e04",
158,"mcf-z-stacks-03212011_e05_s1_w1215df9c7-9093-4e3a-b5de-b4a33834cd7b.tif",1,"e05",
127,"mcf-z-stacks-03212011_e05_s2_w12d01b1a7-6a78-4283-b043-71051563d68f.tif",2,"e05",
91,"mcf-z-stacks-03212011_e06_s1_w1afb83c74-4836-4c19-9dcc-e523a820fc42.tif",1,"e06",
118,"mcf-z-stacks-03212011_e06_s2_w10f7fc348-b67a-49df-b544-f34ad77413f9.tif",2,"e06",
92,"mcf-z-stacks-03212011_e07_s1_w1879a2560-e6a5-4d45-8748-68c503fe0761.tif",1,"e07",
114,"mcf-z-stacks-03212011_e07_s2_w194116043-fefb-4ec7-be3c-1bc3f44abd42.tif",2,"e07",
149,"mcf-z-stacks-03212011_e08_s1_w1c53f1efb-df33-43b6-bc92-1990a465f9a7.tif",1,"e08",
111,"mcf-z-stacks-03212011_e08_s2_w1ec394986-3162-4a49-8a94-44dd1331288b.tif",2,"e08",
156,"mcf-z-stacks-03212011_e09_s1_w1f232051c-91fa-49c9-89e5-5676a6b3b41b.tif",1,"e09",
114,"mcf-z-stacks-03212011_e09_s2_w1445dc44f-fd9d-4fc7-99df-e7ba66492758.tif",2,"e09",
167,"mcf-z-stacks-03212011_e10_s1_w10e1b83e9-884a-40fe-9e27-037ad415474e.tif",1,"e10",
132,"mcf-z-stacks-03212011_e10_s2_w16435055d-0b37-4d4e-b467-ecc4105866ae.tif",2,"e10",
137,"mcf-z-stacks-03212011_e11_s1_w17875fd28-710b-4525-b420-0c9bf275dd9a.tif",1,"e11",
116,"mcf-z-stacks-03212011_e11_s2_w173f99518-c67f-4746-8ecd-9d5e8cd94dbd.tif",2,"e11",
99,"mcf-z-stacks-03212011_e12_s1_w180e6dd66-be55-4ac4-9280-58594c66c581.tif",1,"e12",
109,"mcf-z-stacks-03212011_e12_s2_w1d373e3ba-b31a-400f-8806-0781da3b60f4.tif",2,"e12",
129,"mcf-z-stacks-03212011_e13_s1_w11f468da6-8e17-4c34-b08a-12ea15a3cc36.tif",1,"e13",
122,"mcf-z-stacks-03212011_e13_s2_w17afdfc05-a530-44a0-928f-953ba9d039de.tif",2,"e13",
144,"mcf-z-stacks-03212011_e14_s1_w1997a70d8-65c6-4065-840b-7d691b6ec37f.tif",1,"e14",
121,"mcf-z-stacks-03212011_e14_s2_w1330b9dea-f045-45ab-a53c-f1756dda4815.tif",2,"e14",
105,"mcf-z-stacks-03212011_e15_s1_w165787c37-2960-424b-9a7c-68ab76915eae.tif",1,"e15",
100,"mcf-z-stacks-03212011_e15_s2_w1467ab401-01ba-4c61-ac64-023f912c0055.tif",2,"e15",
97,"mcf-z-stacks-03212011_e16_s1_w15968cb3e-38f6-4788-99c7-e2d98835493d.tif",1,"e16",
119,"mcf-z-stacks-03212011_e16_s2_w1a4594f0e-2369-443c-a0f6-821868b72550.tif",2,"e16",
162,"mcf-z-stacks-03212011_e17_s1_w18648e7ad-9457-42d5-b3c1-d938b0f0788c.tif",1,"e17",
146,"mcf-z-stacks-03212011_e17_s2_w13ceead0e-e43a-4fba-835e-282ced1f84ce.tif",2,"e17",
112,"mcf-z-stacks-03212011_e18_s1_w192b253b4-8882-4b34-bbf2-a8d0aa248577.tif",1,"e18",
114,"mcf-z-stacks-03212011_e18_s2_w1ec8d02b8-2783-46a1-ba49-af1db1395fda.tif",2,"e18",
150,"mcf-z-stacks-03212011_e19_s1_w1c3f34c7c-9f3c-4e27-9ea6-10371dddf928.tif",1,"e19",
126,"mcf-z-stacks-03212011_e19_s2_w1799f6338-81da-4ee6-8d71-34b209c86e8b.tif",2,"e19",
91,"mcf-z-stacks-03212011_e20_s1_w1a2b36eb0-3391-46c8-b4e0-657276058a7e.tif",1,"e20",
133,"mcf-z-stacks-03212011_e20_s2_w1bea4b770-f36b-49f2-9fb3-51118f86594d.tif",2,"e20",
86,"mcf-z-stacks-03212011_e21_s1_w14c757a02-e983-4927-b032-54a0609d6813.tif",1,"e21",
127,"mcf-z-stacks-03212011_e21_s2_w135cb3f2c-cbf1-4602-b7b5-4068fac9b303.tif",2,"e21",
120,"mcf-z-stacks-03212011_e22_s1_w17091c1f8-5731-4541-a074-126ea83d917d.tif",1,"e22",
132,"mcf-z-stacks-03212011_e22_s2_w1b7e81423-1afc-4ce3-a29a-1c02c8ead9ca.tif",2,"e22",
83,"mcf-z-stacks-03212011_e23_s1_w1e9bea724-c3cb-47ff-95f9-f764adc7e4a0.tif",1,"e23",
127,"mcf-z-stacks-03212011_e23_s2_w15ca526c9-416d-4a03-b959-c1ce1ec213e0.tif",2,"e23",
105,"mcf-z-stacks-03212011_e24_s1_w17c113694-cf94-4891-8970-c23dce366fb8.tif",1,"e24",
82,"mcf-z-stacks-03212011_e24_s2_w1dcac52ac-7a99-4bc9-9b87-6819834f38f5.tif",2,"e24",
101,"mcf-z-stacks-03212011_f01_s1_w165809070-f291-41aa-b31e-b0bb86a8d8d4.tif",1,"f01",
89,"mcf-z-stacks-03212011_f01_s2_w10686501e-0db5-4993-be7c-0f6b37eb79cd.tif",2,"f01",
141,"mcf-z-stacks-03212011_f02_s1_w1a09c6d70-b73b-42d7-a5e6-3fcf7679bb91.tif",1,"f02",
97,"mcf-z-stacks-03212011_f02_s2_w1429f89d7-0697-4976-9a4a-3b0b01cbe4db.tif",2,"f02",
125,"mcf-z-stacks-03212011_f03_s1_w12e34b528-a442-4f9a-8fdf-0edd5562a76d.tif",1,"f03",
132,"mcf-z-stacks-03212011_f03_s2_w187abae2d-2b01-473f-bedc-b5f86493f14e.tif",2,"f03",
126,"mcf-z-stacks-03212011_f04_s1_w1dd3ff631-dd42-46d5-bb6a-3a585c465ce4.tif",1,"f04",
140,"mcf-z-stacks-03212011_f04_s2_w128a34dbb-c482-4ab5-9fd0-58feba73d9b4.tif",2,"f04",
151,"mcf-z-stacks-03212011_f05_s1_w1e39cfa93-86ca-40b7-b6c2-9348eb16d446.tif",1,"f05",
129,"mcf-z-stacks-03212011_f05_s2_w104aa2dee-1565-45de-8643-74b26fadde8b.tif",2,"f05",
163,"mcf-z-stacks-03212011_f06_s1_w1edcb415b-2ad9-4063-8fcf-d2de70ebbd8d.tif",1,"f06",
108,"mcf-z-stacks-03212011_f06_s2_w1146bee11-19f8-4954-b03e-031e78286264.tif",2,"f06",
133,"mcf-z-stacks-03212011_f07_s1_w1eb6faf08-d173-432d-aa18-1408c3cefaec.tif",1,"f07",
128,"mcf-z-stacks-03212011_f07_s2_w19b91bf0d-ce84-4843-869d-f0b3927dc2e7.tif",2,"f07",
156,"mcf-z-stacks-03212011_f08_s1_w142413a3f-7894-47ac-b7a1-9c57098cc5cd.tif",1,"f08",
135,"mcf-z-stacks-03212011_f08_s2_w1d91d87ab-c861-40cb-a38b-f9e225745e51.tif",2,"f08",
149,"mcf-z-stacks-03212011_f09_s1_w12dd95b8a-a4d5-404a-87e6-86796ed123d4.tif",1,"f09",
110,"mcf-z-stacks-03212011_f09_s2_w10948fb72-b499-42fd-af62-c41980e60164.tif",2,"f09",
109,"mcf-z-stacks-03212011_f10_s1_w1e8dda64a-d7d6-4304-828a-5c2bba271818.tif",1,"f10",
111,"mcf-z-stacks-03212011_f10_s2_w169e88398-78d9-40d9-af1e-bcb8495cdaf2.tif",2,"f10",
138,"mcf-z-stacks-03212011_f11_s1_w152365736-1604-45e9-a0a2-dcdcdfe27a64.tif",1,"f11",
96,"mcf-z-stacks-03212011_f11_s2_w1c367de12-5bfd-41e6-84dc-7129019f3b13.tif",2,"f11",
122,"mcf-z-stacks-03212011_f12_s1_w1ccb1a7de-41c1-422e-8b14-68482e19e5a7.tif",1,"f12",
124,"mcf-z-stacks-03212011_f12_s2_w1667bef20-0a8e-4a37-b77a-5c202e793482.tif",2,"f12",
130,"mcf-z-stacks-03212011_f13_s1_w1fd453596-ff8e-4c68-ad10-f2caeec800b2.tif",1,"f13",
127,"mcf-z-stacks-03212011_f13_s2_w10c963ef3-7fb3-4811-91c9-912504c23cce.tif",2,"f13",
101,"mcf-z-stacks-03212011_f14_s1_w1f81926e2-b0b2-450e-8432-9eb6dc658f5f.tif",1,"f14",
147,"mcf-z-stacks-03212011_f14_s2_w19851507e-ac33-4fc3-b42a-96bfd4d8b547.tif",2,"f14",
165,"mcf-z-stacks-03212011_f15_s1_w1c661d2be-539b-4a55-bacd-065fa7edefd5.tif",1,"f15",
129,"mcf-z-stacks-03212011_f15_s2_w1a5ca9c72-c793-4632-8e7b-0e61627dbf6e.tif",2,"f15",
139,"mcf-z-stacks-03212011_f16_s1_w18c9d8ba6-eaea-4a2f-8067-56b321d2fa00.tif",1,"f16",
155,"mcf-z-stacks-03212011_f16_s2_w14e8cb6a3-9ddd-4c43-bf13-739fff150147.tif",2,"f16",
95,"mcf-z-stacks-03212011_f17_s1_w1c48c7593-0ea7-4c5b-9bbb-cf19554dbba3.tif",1,"f17",
156,"mcf-z-stacks-03212011_f17_s2_w1a5ae1bf8-74ba-464b-ac9e-ee3c739ef108.tif",2,"f17",
142,"mcf-z-stacks-03212011_f18_s1_w102186aaf-189a-4467-b207-b2aec05c7283.tif",1,"f18",
146,"mcf-z-stacks-03212011_f18_s2_w1f6b2b1a6-0f23-47a7-85d6-6b6d4d668971.tif",2,"f18",
64,"mcf-z-stacks-03212011_f19_s1_w147e4a154-af6f-4584-8f1e-87ce71a1807a.tif",1,"f19",
92,"mcf-z-stacks-03212011_f19_s2_w15748f4d1-dcb5-412d-bd25-9d2ae270984f.tif",2,"f19",
119,"mcf-z-stacks-03212011_f20_s1_w11a1cccce-0a8e-464c-9004-4d0239c18e3a.tif",1,"f20",
101,"mcf-z-stacks-03212011_f20_s2_w12d6d663a-8145-48c6-a6f7-8f4d5fcf4b6f.tif",2,"f20",
126,"mcf-z-stacks-03212011_f21_s1_w1a07c35f8-99a4-40aa-aaf2-3c3718828cc2.tif",1,"f21",
97,"mcf-z-stacks-03212011_f21_s2_w1cbff7d42-3a7f-48fc-ab33-b293aaf70abb.tif",2,"f21",
101,"mcf-z-stacks-03212011_f22_s1_w13f0c8e90-fde0-4e67-b576-9a365b61f921.tif",1,"f22",
113,"mcf-z-stacks-03212011_f22_s2_w19a68e687-7e50-4df9-852a-fc38905e179b.tif",2,"f22",
144,"mcf-z-stacks-03212011_f23_s1_w19abd118d-7385-4407-8999-35e7b8f0125a.tif",1,"f23",
102,"mcf-z-stacks-03212011_f23_s2_w1f8a26bdd-57a2-4868-8d2e-42c8025f997b.tif",2,"f23",
129,"mcf-z-stacks-03212011_f24_s1_w12600b5ba-f3b5-4945-8a0b-b5d0e4a6fbd2.tif",1,"f24",
127,"mcf-z-stacks-03212011_f24_s2_w18576076a-c173-4704-9e23-8673e447204e.tif",2,"f24",
122,"mcf-z-stacks-03212011_g01_s1_w192d9c725-7b2c-45fa-a7fe-c6ebb3d5edf6.tif",1,"g01",
109,"mcf-z-stacks-03212011_g01_s2_w1b40ffaf3-596a-4213-9d38-fcdc9d43d73a.tif",2,"g01",
124,"mcf-z-stacks-03212011_g02_s1_w1a248dd78-5930-4a1d-8910-d90bb76e1962.tif",1,"g02",
123,"mcf-z-stacks-03212011_g02_s2_w119ede586-6f6c-4391-8d14-33694705f512.tif",2,"g02",
127,"mcf-z-stacks-03212011_g03_s1_w1f9da361e-edf0-4cde-a431-1bb4263f3332.tif",1,"g03",
95,"mcf-z-stacks-03212011_g03_s2_w14645996f-588c-4dab-bc27-b0bb12c1c556.tif",2,"g03",
133,"mcf-z-stacks-03212011_g04_s1_w1a1ccd421-7a21-4d41-ad47-c9687ae2fb95.tif",1,"g04",
122,"mcf-z-stacks-03212011_g04_s2_w1c26b5289-be4b-4e15-b726-af7d3cbe4067.tif",2,"g04",
115,"mcf-z-stacks-03212011_g05_s1_w19d227d3e-b563-4b15-9e02-03aa9fa59628.tif",1,"g05",
132,"mcf-z-stacks-03212011_g05_s2_w12e55739a-db6a-4947-89df-bf36ce8e14d4.tif",2,"g05",
84,"mcf-z-stacks-03212011_g06_s1_w10542ef49-b86e-41aa-9044-811eb22c4842.tif",1,"g06",
103,"mcf-z-stacks-03212011_g06_s2_w14b14f9e4-b241-4dc1-95d4-c197790ffea6.tif",2,"g06",
109,"mcf-z-stacks-03212011_g07_s1_w1f93a5bc2-2a18-4bb1-8f15-f5cc8ebae03b.tif",1,"g07",
127,"mcf-z-stacks-03212011_g07_s2_w19b3d30d1-655a-4904-ac17-ef9715dfc288.tif",2,"g07",
85,"mcf-z-stacks-03212011_g08_s1_w132f68455-b6fb-424d-a4bc-d363eca8385b.tif",1,"g08",
86,"mcf-z-stacks-03212011_g08_s2_w1ac2ec3b9-e7e4-46aa-a936-6064baf59b2c.tif",2,"g08",
147,"mcf-z-stacks-03212011_g09_s1_w1e2547449-349c-4f01-8d94-58303b69e903.tif",1,"g09",
110,"mcf-z-stacks-03212011_g09_s2_w1d3c85d75-ff73-4c3a-a8bc-3c687eded356.tif",2,"g09",
128,"mcf-z-stacks-03212011_g10_s1_w1ff35dc6d-33cb-4aa1-9c2e-fd458fe161a1.tif",1,"g10",
94,"mcf-z-stacks-03212011_g10_s2_w1c4e9e0e0-9618-48c5-a41a-200fa2175351.tif",2,"g10",
105,"mcf-z-stacks-03212011_g11_s1_w1f26cef3e-767c-4c95-b972-73b6139cdbc1.tif",1,"g11",
78,"mcf-z-stacks-03212011_g11_s2_w1ce808320-d744-4c63-9869-928510cefa82.tif",2,"g11",
28,"mcf-z-stacks-03212011_g12_s1_w14e258c86-671d-4cff-81d0-bcd60ef771e7.tif",1,"g12",
33,"mcf-z-stacks-03212011_g12_s2_w163e23442-aec1-409c-af63-81b6091fda69.tif",2,"g12",
113,"mcf-z-stacks-03212011_g13_s1_w16cc97481-b8c1-4052-9ac1-12c7ed65d72d.tif",1,"g13",
132,"mcf-z-stacks-03212011_g13_s2_w13dc64bf3-78df-4101-bc50-a70d52dea215.tif",2,"g13",
137,"mcf-z-stacks-03212011_g14_s1_w17a30b146-d64a-4a08-985f-101c5cd9817a.tif",1,"g14",
128,"mcf-z-stacks-03212011_g14_s2_w1dab1576c-48ec-48f8-9e2c-ad7fdb92b217.tif",2,"g14",
108,"mcf-z-stacks-03212011_g15_s1_w141051d7f-18e9-4764-b6c7-f6b9b06cfc46.tif",1,"g15",
132,"mcf-z-stacks-03212011_g15_s2_w18ed684d0-2915-4f82-8984-15db2c6b554f.tif",2,"g15",
120,"mcf-z-stacks-03212011_g16_s1_w1fea1f952-e1ee-41d8-80fb-42799f0defef.tif",1,"g16",
131,"mcf-z-stacks-03212011_g16_s2_w101067dc9-987b-4a6f-9a8e-8728f81b4dbe.tif",2,"g16",
126,"mcf-z-stacks-03212011_g17_s1_w129abd9ec-6aeb-4e0c-bb6a-db954d0b46fe.tif",1,"g17",
138,"mcf-z-stacks-03212011_g17_s2_w1419c08fe-26b4-487d-b17a-cffe46446cbd.tif",2,"g17",
118,"mcf-z-stacks-03212011_g18_s1_w15e97713a-e4ef-4382-a570-9fa98a6472ed.tif",1,"g18",
119,"mcf-z-stacks-03212011_g18_s2_w136aafc41-6ceb-49a9-af46-f82d47cff5a7.tif",2,"g18",
142,"mcf-z-stacks-03212011_g19_s1_w1a07bc294-862a-4274-a0ca-573aa2762f59.tif",1,"g19",
138,"mcf-z-stacks-03212011_g19_s2_w13233980c-61b0-4195-9e3b-5327134d4de7.tif",2,"g19",
102,"mcf-z-stacks-03212011_g20_s1_w153a44eb3-f0a8-4d82-b3e8-715828e31ce4.tif",1,"g20",
134,"mcf-z-stacks-03212011_g20_s2_w1ef7780e5-0d2e-4bc3-9574-db4f53a0cf65.tif",2,"g20",
122,"mcf-z-stacks-03212011_g21_s1_w18e231287-049c-4ba2-bda6-ae4b57a76b9a.tif",1,"g21",
121,"mcf-z-stacks-03212011_g21_s2_w1014f2a6d-c43e-4760-8c19-a31583e2a70d.tif",2,"g21",
69,"mcf-z-stacks-03212011_g22_s1_w1ba3b0fe7-d1b1-41f8-a269-3725171a17a1.tif",1,"g22",
100,"mcf-z-stacks-03212011_g22_s2_w1dd33db48-1f25-4489-806a-4f12f950eedf.tif",2,"g22",
119,"mcf-z-stacks-03212011_g23_s1_w1555d7eff-e806-40a3-8081-94f97b97a78b.tif",1,"g23",
135,"mcf-z-stacks-03212011_g23_s2_w1d7426ae8-6fb6-4112-88a4-62a879bc254e.tif",2,"g23",
54,"mcf-z-stacks-03212011_g24_s1_w15e269206-044c-4e4e-9abf-220092daa710.tif",1,"g24",
55,"mcf-z-stacks-03212011_g24_s2_w1896bb72f-5c7a-4bef-9386-57fb5c3e6073.tif",2,"g24",
59,"mcf-z-stacks-03212011_h01_s1_w144e98cc1-4724-4ba7-b32f-709c1fe3a5ce.tif",1,"h01",
97,"mcf-z-stacks-03212011_h01_s2_w1e4a4b70c-ee37-424c-9c29-37307c938453.tif",2,"h01",
144,"mcf-z-stacks-03212011_h02_s1_w18216e4a1-d70a-4fdd-87fc-afc08a5eff5a.tif",1,"h02",
132,"mcf-z-stacks-03212011_h02_s2_w1071409de-3025-457a-86cf-be4adc892a08.tif",2,"h02",
171,"mcf-z-stacks-03212011_h03_s1_w112160826-f75a-4a86-a0fb-8144e4640b2e.tif",1,"h03",
143,"mcf-z-stacks-03212011_h03_s2_w156051e30-f894-477f-8cdd-ad1f9a0b3bd2.tif",2,"h03",
127,"mcf-z-stacks-03212011_h04_s1_w1b738b05b-69c3-4342-af43-19531cf4b8d0.tif",1,"h04",
118,"mcf-z-stacks-03212011_h04_s2_w197b267f4-a41c-4d33-b17c-f7011ab629a4.tif",2,"h04",
37,"mcf-z-stacks-03212011_h05_s1_w10262db0e-dec8-48a6-8d8a-f041cd4dde02.tif",1,"h05",
40,"mcf-z-stacks-03212011_h05_s2_w12ea27fc1-a2fe-43d7-8c8f-63cf558e564c.tif",2,"h05",
128,"mcf-z-stacks-03212011_h06_s1_w1f36b157b-78e4-4daf-a57b-8890bdda4dae.tif",1,"h06",
93,"mcf-z-stacks-03212011_h06_s2_w161ae4c86-56a5-43d0-92f7-421581e22081.tif",2,"h06",
91,"mcf-z-stacks-03212011_h07_s1_w15756fd04-6f41-49ac-bbce-6e02fe5482d2.tif",1,"h07",
123,"mcf-z-stacks-03212011_h07_s2_w11210ca11-5a48-41a8-9532-51f8539afd2e.tif",2,"h07",
63,"mcf-z-stacks-03212011_h08_s1_w17eedb89c-991a-40e5-b13f-f1de07e8d4fa.tif",1,"h08",
105,"mcf-z-stacks-03212011_h08_s2_w134a0c6e5-64c3-4ab7-8d5c-451a3d77f61a.tif",2,"h08",
139,"mcf-z-stacks-03212011_h09_s1_w13f65a30a-0ebf-42fc-887c-5a3752a35ac5.tif",1,"h09",
113,"mcf-z-stacks-03212011_h09_s2_w1dbf68ba5-5f3f-48d8-8d4b-66ea6dcf7edd.tif",2,"h09",
118,"mcf-z-stacks-03212011_h10_s1_w136c0e8b9-4134-4f78-a1f1-4860e592ea41.tif",1,"h10",
49,"mcf-z-stacks-03212011_h10_s2_w11a1e81a1-0a8d-4d84-af03-b167c2b2f517.tif",2,"h10",
73,"mcf-z-stacks-03212011_h11_s1_w1738fabf0-13c6-45c6-8add-13766f71a9fb.tif",1,"h11",
58,"mcf-z-stacks-03212011_h11_s2_w13f4195b7-98a8-4e0d-80e6-76e0ca1bed2a.tif",2,"h11",
109,"mcf-z-stacks-03212011_h12_s1_w1e3e5285e-ff3f-4d49-807d-ff86361ad550.tif",1,"h12",
62,"mcf-z-stacks-03212011_h12_s2_w179e29a2f-35c6-47d8-965e-105ef6ecad26.tif",2,"h12",
114,"mcf-z-stacks-03212011_h13_s1_w119a50695-ca0f-4352-8b5e-769ec2d306ea.tif",1,"h13",
118,"mcf-z-stacks-03212011_h13_s2_w1ab0a7004-9b79-4748-94dd-a44c0a4302db.tif",2,"h13",
115,"mcf-z-stacks-03212011_h14_s1_w18b8090bb-42f1-4236-8872-6fd117b381cf.tif",1,"h14",
119,"mcf-z-stacks-03212011_h14_s2_w1fe9f4ea8-2ba3-418f-b9eb-ef41617c604f.tif",2,"h14",
122,"mcf-z-stacks-03212011_h15_s1_w114d766cd-8167-426f-947a-c748cbb3f6ee.tif",1,"h15",
120,"mcf-z-stacks-03212011_h15_s2_w1bbb6734a-a459-4232-8a36-83977cfee9ec.tif",2,"h15",
99,"mcf-z-stacks-03212011_h16_s1_w16b63e692-7c92-4f1e-bfe8-78cc791764e8.tif",1,"h16",
157,"mcf-z-stacks-03212011_h16_s2_w1b7686bbb-3ec5-4979-aac7-4dfa06ceacd2.tif",2,"h16",
130,"mcf-z-stacks-03212011_h17_s1_w1568ab66b-7816-4897-b43b-328b32934e2d.tif",1,"h17",
130,"mcf-z-stacks-03212011_h17_s2_w1979aa414-431f-4869-9e81-fdcbb484953b.tif",2,"h17",
131,"mcf-z-stacks-03212011_h18_s1_w144ef8870-0e20-4f6d-bcee-2f01f891c362.tif",1,"h18",
100,"mcf-z-stacks-03212011_h18_s2_w10286d638-2b2c-4aef-81fc-37bcaa934130.tif",2,"h18",
127,"mcf-z-stacks-03212011_h19_s1_w1bd7efb45-f1fe-4fca-ba51-7e56d643b0ba.tif",1,"h19",
116,"mcf-z-stacks-03212011_h19_s2_w120da56d5-921a-465b-bff6-161013a64aa0.tif",2,"h19",
117,"mcf-z-stacks-03212011_h20_s1_w137369ac8-9b5c-42f6-ac82-596bbfb60054.tif",1,"h20",
125,"mcf-z-stacks-03212011_h20_s2_w12236f265-d41a-4049-a6d3-5d363b4371b9.tif",2,"h20",
34,"mcf-z-stacks-03212011_h21_s1_w119136275-7f15-47b4-83b7-737ef3ff5420.tif",1,"h21",
122,"mcf-z-stacks-03212011_h21_s2_w1a4663226-ab8d-45a4-9a5d-9c5cff80f0c2.tif",2,"h21",
106,"mcf-z-stacks-03212011_h22_s1_w1958ab14d-a938-4d71-a921-d21d3cc74f3b.tif",1,"h22",
140,"mcf-z-stacks-03212011_h22_s2_w1000dab5a-0f56-424e-9a1c-2f47247d5c76.tif",2,"h22",
88,"mcf-z-stacks-03212011_h23_s1_w19758dde7-7a8e-4fce-aab6-94a4c1851f35.tif",1,"h23",
137,"mcf-z-stacks-03212011_h23_s2_w187aca682-b9cd-4050-9584-55b0218de7ad.tif",2,"h23",
100,"mcf-z-stacks-03212011_h24_s1_w1125c8ca3-84b4-4d01-b767-a5b4e194cf7c.tif",1,"h24",
88,"mcf-z-stacks-03212011_h24_s2_w10090444b-c8ed-413a-a208-f06724c288d0.tif",2,"h24",
95,"mcf-z-stacks-03212011_i01_s1_w125c9af68-c115-4d9f-a87e-7755c8b97f91.tif",1,"i01",
88,"mcf-z-stacks-03212011_i01_s2_w17b37d019-e174-4f4b-aff9-4b63ee00e081.tif",2,"i01",
118,"mcf-z-stacks-03212011_i02_s1_w1dadaad4c-28bd-4048-a524-a5780b4927b5.tif",1,"i02",
40,"mcf-z-stacks-03212011_i02_s2_w111fcbf14-b54f-462c-b38a-ee1b2987983d.tif",2,"i02",
105,"mcf-z-stacks-03212011_i03_s1_w1b0209c0c-aaf0-4f0a-a645-43ca12a29ac0.tif",1,"i03",
109,"mcf-z-stacks-03212011_i03_s2_w1e4e1d3ae-6b35-4c9e-83cb-33a3c4e3ce95.tif",2,"i03",
106,"mcf-z-stacks-03212011_i04_s1_w132df0303-2318-452e-a069-b10383e6f60f.tif",1,"i04",
78,"mcf-z-stacks-03212011_i04_s2_w16df911c0-98f7-4269-aca4-a7a01b1ff1d9.tif",2,"i04",
130,"mcf-z-stacks-03212011_i05_s1_w1d043a599-3440-4bbf-8a5d-a6295bd7f87c.tif",1,"i05",
111,"mcf-z-stacks-03212011_i05_s2_w176bb4955-6182-411d-91ad-923a8b5a92aa.tif",2,"i05",
125,"mcf-z-stacks-03212011_i06_s1_w1c310b915-fe34-4200-99f9-a13bb3691966.tif",1,"i06",
127,"mcf-z-stacks-03212011_i06_s2_w1d4c29efd-bb91-4ee3-8248-7ba7c336cb5c.tif",2,"i06",
10,"mcf-z-stacks-03212011_i07_s1_w160365c6e-2e9c-44e1-b448-c649530b7ded.tif",1,"i07",
30,"mcf-z-stacks-03212011_i07_s2_w122ffe7de-16bd-465a-9b1d-9b2a2c610922.tif",2,"i07",
36,"mcf-z-stacks-03212011_i08_s1_w127c2d52a-7b45-4f2d-abd9-713e6be29aba.tif",1,"i08",
46,"mcf-z-stacks-03212011_i08_s2_w178e978a2-cf55-4b23-97b9-56831da43081.tif",2,"i08",
74,"mcf-z-stacks-03212011_i09_s1_w1c5c9ab30-8a65-4312-a2b3-7ba1083a1d78.tif",1,"i09",
59,"mcf-z-stacks-03212011_i09_s2_w16e3795e6-cb4e-42ac-b0bf-5b52dc2e2740.tif",2,"i09",
31,"mcf-z-stacks-03212011_i10_s1_w15d173b0f-5371-4198-9e5b-4dfe369133da.tif",1,"i10",
84,"mcf-z-stacks-03212011_i10_s2_w1234c7bcb-354a-4ddb-a520-ddfb4ae05418.tif",2,"i10",
120,"mcf-z-stacks-03212011_i11_s1_w176d86ead-37d3-48bf-b05c-16d4e559300d.tif",1,"i11",
118,"mcf-z-stacks-03212011_i11_s2_w1f9cf2986-46b1-4ad6-a914-b3216e9eca2a.tif",2,"i11",
64,"mcf-z-stacks-03212011_i12_s1_w1b7f2d1ef-f077-4964-8249-2c247b2bc950.tif",1,"i12",
47,"mcf-z-stacks-03212011_i12_s2_w1bcb38e88-5d99-4b4d-bdf7-85cce60ed1ba.tif",2,"i12",
113,"mcf-z-stacks-03212011_i13_s1_w1b6ddf01e-59e9-4d0b-85c4-c99cb0a267a7.tif",1,"i13",
137,"mcf-z-stacks-03212011_i13_s2_w109fe5b62-d2a4-4c1b-a560-af8fa0fc5000.tif",2,"i13",
116,"mcf-z-stacks-03212011_i14_s1_w1e81f1250-8236-41d7-9bf7-5ca9cd813ac6.tif",1,"i14",
89,"mcf-z-stacks-03212011_i14_s2_w11007a083-733c-47aa-b8b5-fcce742f95d3.tif",2,"i14",
123,"mcf-z-stacks-03212011_i15_s1_w1f6f585b1-332c-496d-a4b5-2ec34bd2fb69.tif",1,"i15",
143,"mcf-z-stacks-03212011_i15_s2_w1f893154f-8067-4911-8257-5045356eb722.tif",2,"i15",
110,"mcf-z-stacks-03212011_i16_s1_w1c459b0a5-a2b3-415c-86e6-d913d0e5d29a.tif",1,"i16",
154,"mcf-z-stacks-03212011_i16_s2_w18d9d588b-79f6-433e-a2a1-71d2cabecb03.tif",2,"i16",
102,"mcf-z-stacks-03212011_i17_s1_w1e0c9b451-cd61-45bd-95b8-fd7821827552.tif",1,"i17",
95,"mcf-z-stacks-03212011_i17_s2_w1211dd0de-4056-4c41-9743-60a88d4b32df.tif",2,"i17",
126,"mcf-z-stacks-03212011_i18_s1_w199e84ade-b2c6-4a9c-aa19-b78368d7d478.tif",1,"i18",
1,"mcf-z-stacks-03212011_i18_s2_w1e9afa83c-10e3-44c5-9a06-848a6bcef35e.tif",2,"i18",
133,"mcf-z-stacks-03212011_i19_s1_w146c781d4-f651-49e8-beb0-5129b5e902f1.tif",1,"i19",
128,"mcf-z-stacks-03212011_i19_s2_w10fab8b0b-33dd-45dd-9b93-076154493ae4.tif",2,"i19",
131,"mcf-z-stacks-03212011_i20_s1_w1401bdc8a-c12d-4c84-ba2b-917a39d73717.tif",1,"i20",
115,"mcf-z-stacks-03212011_i20_s2_w165f06192-a7fa-4f23-82f0-3066eb4ea016.tif",2,"i20",
130,"mcf-z-stacks-03212011_i21_s1_w1d271b428-a3b6-4a50-91cc-201bfbbf33d2.tif",1,"i21",
147,"mcf-z-stacks-03212011_i21_s2_w1b8767c07-8d5a-450f-8326-b207a7e295c1.tif",2,"i21",
113,"mcf-z-stacks-03212011_i22_s1_w1d3cab10f-f0cb-4bd0-8a93-8cebadaf18c0.tif",1,"i22",
133,"mcf-z-stacks-03212011_i22_s2_w1a02e1b14-5d1c-4737-a58b-8f18b755501e.tif",2,"i22",
107,"mcf-z-stacks-03212011_i23_s1_w1df802807-6f89-400f-bc36-8a0c870e4852.tif",1,"i23",
116,"mcf-z-stacks-03212011_i23_s2_w176b308fa-a797-4ded-b6cb-fbcbd0d56612.tif",2,"i23",
89,"mcf-z-stacks-03212011_i24_s1_w1dd74d486-5361-4ac2-ad95-3ca4bd340e67.tif",1,"i24",
86,"mcf-z-stacks-03212011_i24_s2_w15fca8c21-97cf-49b5-826f-c1b56141148b.tif",2,"i24",
108,"mcf-z-stacks-03212011_j01_s1_w1cc5bfee3-977c-4bdf-8abb-003a5476fa6a.tif",1,"j01",
129,"mcf-z-stacks-03212011_j01_s2_w15eba8b39-fabf-49f1-866e-eb4dc5cd4372.tif",2,"j01",
87,"mcf-z-stacks-03212011_j02_s1_w1a41fe412-3226-41be-93eb-1977897d9b36.tif",1,"j02",
93,"mcf-z-stacks-03212011_j02_s2_w1b3f13e5c-838b-4fb6-942f-48f862a9f9ab.tif",2,"j02",
107,"mcf-z-stacks-03212011_j03_s1_w160a236ab-de6c-4a46-8d15-a34bb6f26982.tif",1,"j03",
120,"mcf-z-stacks-03212011_j03_s2_w113fc12d3-12db-424c-9cbc-10964be037c2.tif",2,"j03",
136,"mcf-z-stacks-03212011_j04_s1_w18e655679-dd52-4f5a-a137-2395b938193a.tif",1,"j04",
71,"mcf-z-stacks-03212011_j04_s2_w115350afe-873b-4b23-a332-33b4332e7709.tif",2,"j04",
120,"mcf-z-stacks-03212011_j05_s1_w19ae8b2d6-9799-4407-85ea-5807479b0580.tif",1,"j05",
107,"mcf-z-stacks-03212011_j05_s2_w1865a7c67-fdab-428c-9930-b6b76c327724.tif",2,"j05",
151,"mcf-z-stacks-03212011_j06_s1_w16d209116-0f81-4534-83e7-f4aaa637e237.tif",1,"j06",
119,"mcf-z-stacks-03212011_j06_s2_w174c7608f-a41a-4849-bb26-4eea13260895.tif",2,"j06",
124,"mcf-z-stacks-03212011_j07_s1_w1aabcf30a-7f1a-40f9-bcb7-e1630ce589ef.tif",1,"j07",
103,"mcf-z-stacks-03212011_j07_s2_w17533104b-2259-4f03-a081-f809c5b4ab5e.tif",2,"j07",
100,"mcf-z-stacks-03212011_j08_s1_w19a498815-fb33-43f8-a648-c7f15b15d362.tif",1,"j08",
78,"mcf-z-stacks-03212011_j08_s2_w18e8926bf-8674-49a7-baf7-55eba13fdded.tif",2,"j08",
45,"mcf-z-stacks-03212011_j09_s1_w19c1117eb-eea2-49c8-a01e-4f135a03930d.tif",1,"j09",
40,"mcf-z-stacks-03212011_j09_s2_w1c31124c6-c02c-44b7-bfa0-319f69291b6b.tif",2,"j09",
75,"mcf-z-stacks-03212011_j10_s1_w16ecb4d5d-c980-42ce-a705-0ec527d88cd8.tif",1,"j10",
83,"mcf-z-stacks-03212011_j10_s2_w1a06da266-e0b4-48db-949e-12fa19cf5cdc.tif",2,"j10",
80,"mcf-z-stacks-03212011_j11_s1_w149791954-3ec9-4188-be09-bbca7a7e38de.tif",1,"j11",
67,"mcf-z-stacks-03212011_j11_s2_w18950ba05-ada8-4965-8cd2-bd642eda50ce.tif",2,"j11",
91,"mcf-z-stacks-03212011_j12_s1_w1928284f9-5be7-405d-8026-91b0c5cbb11f.tif",1,"j12",
117,"mcf-z-stacks-03212011_j12_s2_w10bd661cf-6ce4-4ca2-a04c-b9c9b4e018f1.tif",2,"j12",
4,"mcf-z-stacks-03212011_j13_s1_w17440627a-651d-42c4-8726-3945370cb063.tif",1,"j13",
17,"mcf-z-stacks-03212011_j13_s2_w11a340f32-f47a-46a8-b8c0-99c069325cff.tif",2,"j13",
139,"mcf-z-stacks-03212011_j14_s1_w149566201-e690-4017-b8dd-5032230ca8dd.tif",1,"j14",
161,"mcf-z-stacks-03212011_j14_s2_w15588c373-8d86-408e-b755-71836d90e813.tif",2,"j14",
83,"mcf-z-stacks-03212011_j15_s1_w1b2c6c485-b7f4-4765-b179-d632d02e575f.tif",1,"j15",
92,"mcf-z-stacks-03212011_j15_s2_w14d54ddf6-3272-4f6f-becd-f566079a55db.tif",2,"j15",
70,"mcf-z-stacks-03212011_j16_s1_w1ae05530a-f64e-4422-ae3e-a41e91d048c3.tif",1,"j16",
73,"mcf-z-stacks-03212011_j16_s2_w1d4d08460-1933-4efd-afcd-2066a7620a5b.tif",2,"j16",
133,"mcf-z-stacks-03212011_j17_s1_w197ac25f9-c4b7-43cf-a2e1-5483b6b4ca13.tif",1,"j17",
150,"mcf-z-stacks-03212011_j17_s2_w1070119c4-bec6-4b4b-8c98-8780a88b488c.tif",2,"j17",
124,"mcf-z-stacks-03212011_j18_s1_w16f378072-adda-4f1f-b19d-0ab99c812e4a.tif",1,"j18",
109,"mcf-z-stacks-03212011_j18_s2_w150fdb556-cb38-4bf8-af82-7683589a9a21.tif",2,"j18",
131,"mcf-z-stacks-03212011_j19_s1_w1381d9bf1-7e2e-49c1-9a8b-61b4cab66aa8.tif",1,"j19",
130,"mcf-z-stacks-03212011_j19_s2_w102ae1b8f-f6c3-4829-ba33-5fbbefcf7b15.tif",2,"j19",
129,"mcf-z-stacks-03212011_j20_s1_w12b1243ba-d3a4-4513-bbe7-2b304873bd1d.tif",1,"j20",
126,"mcf-z-stacks-03212011_j20_s2_w18362caf2-6ab2-4aa7-a6d8-78760c5e634e.tif",2,"j20",
106,"mcf-z-stacks-03212011_j21_s1_w1ddaf6574-c841-4fa1-9300-001031d3d75c.tif",1,"j21",
150,"mcf-z-stacks-03212011_j21_s2_w1e192390a-3d15-4232-8d90-afdca211dac6.tif",2,"j21",
125,"mcf-z-stacks-03212011_j22_s1_w11bbb53c1-e3ff-43ca-9daf-89a4086cc00e.tif",1,"j22",
148,"mcf-z-stacks-03212011_j22_s2_w1986033c2-0b2a-4221-8502-cb4796cb0a19.tif",2,"j22",
116,"mcf-z-stacks-03212011_j23_s1_w1f01ba7ce-37c8-46f9-a068-66fdb7b0f9e3.tif",1,"j23",
127,"mcf-z-stacks-03212011_j23_s2_w19033372f-9c16-445e-94f1-fe698d2e8639.tif",2,"j23",
105,"mcf-z-stacks-03212011_j24_s1_w163df17af-361d-4a5b-a567-ba9558ba186c.tif",1,"j24",
116,"mcf-z-stacks-03212011_j24_s2_w1e6dd0cc9-b3aa-44b7-a57e-2436d52a9355.tif",2,"j24",
112,"mcf-z-stacks-03212011_k01_s1_w166c78783-8a0b-43ac-8bb5-b02eaf19ae06.tif",1,"k01",
125,"mcf-z-stacks-03212011_k01_s2_w1f13c4dba-72e8-401a-82a0-17b9eab2206b.tif",2,"k01",
142,"mcf-z-stacks-03212011_k02_s1_w13e505b29-3615-41d1-95b7-11171d3ee71b.tif",1,"k02",
85,"mcf-z-stacks-03212011_k02_s2_w1821211e5-02cc-4dff-a768-0b7669c29fc0.tif",2,"k02",
132,"mcf-z-stacks-03212011_k03_s1_w13bd3f112-b535-46ff-9c80-a6655f6ae86d.tif",1,"k03",
104,"mcf-z-stacks-03212011_k03_s2_w17b8afb92-c5df-4cc7-8e05-25ebc4421ae5.tif",2,"k03",
126,"mcf-z-stacks-03212011_k04_s1_w1beafbcf6-dcd6-4b94-96ae-093741db0b7c.tif",1,"k04",
131,"mcf-z-stacks-03212011_k04_s2_w12356af03-1c84-4876-8f99-2ed6aa03bafc.tif",2,"k04",
100,"mcf-z-stacks-03212011_k05_s1_w1a1484efd-4a6b-4728-82d8-490f52ba0d3e.tif",1,"k05",
113,"mcf-z-stacks-03212011_k05_s2_w1e5c2ee49-3900-440e-9bd0-a2a21512be63.tif",2,"k05",
93,"mcf-z-stacks-03212011_k06_s1_w187d50d14-2620-42be-85f0-7349ae9d1f35.tif",1,"k06",
90,"mcf-z-stacks-03212011_k06_s2_w1fd568eac-43e7-42c2-a387-3d4833a878d0.tif",2,"k06",
108,"mcf-z-stacks-03212011_k07_s1_w1c94c6747-d878-490e-8852-3d731d622e26.tif",1,"k07",
92,"mcf-z-stacks-03212011_k07_s2_w180d656de-dadf-46e3-900b-c6fe04f8f92d.tif",2,"k07",
102,"mcf-z-stacks-03212011_k08_s1_w1f271407c-6976-441f-81cc-b0d52a3a49cc.tif",1,"k08",
85,"mcf-z-stacks-03212011_k08_s2_w13c4e453a-5ee0-49fc-9e9f-e40ce347d4a3.tif",2,"k08",
88,"mcf-z-stacks-03212011_k09_s1_w14c45f401-248c-400b-a4a9-c8199e219402.tif",1,"k09",
115,"mcf-z-stacks-03212011_k09_s2_w16d26e49e-f673-4359-a31f-250c32a01c4e.tif",2,"k09",
130,"mcf-z-stacks-03212011_k10_s1_w1f9b3fdbb-3ee5-4857-b376-cc4802f08d37.tif",1,"k10",
132,"mcf-z-stacks-03212011_k10_s2_w12c093d9f-7ea4-44b5-8b00-f2e7c807c546.tif",2,"k10",
105,"mcf-z-stacks-03212011_k11_s1_w18a1cb978-116e-46f9-aa78-7f689307f958.tif",1,"k11",
124,"mcf-z-stacks-03212011_k11_s2_w1bed45a38-1dfe-4f3f-950f-3823d4d7f9a2.tif",2,"k11",
119,"mcf-z-stacks-03212011_k12_s1_w195d87e1e-c73b-48d3-a377-1feacfd20862.tif",1,"k12",
151,"mcf-z-stacks-03212011_k12_s2_w1a74a2ef3-0c5d-4bf8-8d54-006ac1d9fa49.tif",2,"k12",
64,"mcf-z-stacks-03212011_k13_s1_w1e7213de1-0824-4947-833a-77575a0205a6.tif",1,"k13",
59,"mcf-z-stacks-03212011_k13_s2_w1705cff8a-8820-4117-af8e-7c5609d299d9.tif",2,"k13",
157,"mcf-z-stacks-03212011_k14_s1_w139907ba1-4c5b-44a2-8ae6-3064c6d9ac08.tif",1,"k14",
154,"mcf-z-stacks-03212011_k14_s2_w1f22c3acf-c231-41b4-aee7-ddc32faf7d2d.tif",2,"k14",
115,"mcf-z-stacks-03212011_k15_s1_w1362040bf-965d-4dfc-938f-681e8534c80d.tif",1,"k15",
145,"mcf-z-stacks-03212011_k15_s2_w1a5bca499-107f-476e-ac6b-2d7509f06fa4.tif",2,"k15",
139,"mcf-z-stacks-03212011_k16_s1_w1ed336a98-7927-4432-9e86-88026fa02766.tif",1,"k16",
139,"mcf-z-stacks-03212011_k16_s2_w172d1b06c-79e7-4760-a437-6e55a8331c09.tif",2,"k16",
130,"mcf-z-stacks-03212011_k17_s1_w1d2aa31b3-f386-4d4c-8cbc-cee5779718f2.tif",1,"k17",
144,"mcf-z-stacks-03212011_k17_s2_w1190577d2-98b1-4b61-b751-6769d14a8c8a.tif",2,"k17",
132,"mcf-z-stacks-03212011_k18_s1_w1301b521d-da22-4dd2-bca9-e5bcc23cfae5.tif",1,"k18",
173,"mcf-z-stacks-03212011_k18_s2_w19e0d55e7-61e0-4a9b-9b0c-5e83c797513f.tif",2,"k18",
146,"mcf-z-stacks-03212011_k19_s1_w1f13602c6-5569-4f41-8782-37284112ea35.tif",1,"k19",
139,"mcf-z-stacks-03212011_k19_s2_w166e2e357-29e2-4d94-9cfc-a7769f2da415.tif",2,"k19",
121,"mcf-z-stacks-03212011_k20_s1_w159679178-4f68-4290-a58d-d0b9ec349cf3.tif",1,"k20",
149,"mcf-z-stacks-03212011_k20_s2_w18490777e-1516-4454-a1ce-eb481b5c6744.tif",2,"k20",
129,"mcf-z-stacks-03212011_k21_s1_w153dcf519-719e-4eba-b425-36c9007810ce.tif",1,"k21",
143,"mcf-z-stacks-03212011_k21_s2_w1479b13ab-9e12-4234-aeb7-b9b85778ec6a.tif",2,"k21",
74,"mcf-z-stacks-03212011_k22_s1_w1038824af-22ed-47af-877d-b22a55f390ff.tif",1,"k22",
119,"mcf-z-stacks-03212011_k22_s2_w1bc4c0446-fd50-4f3c-99fc-bf718bbd6438.tif",2,"k22",
60,"mcf-z-stacks-03212011_k23_s1_w1aebc9f92-d8b3-49a2-8195-d037accd3b5b.tif",1,"k23",
142,"mcf-z-stacks-03212011_k23_s2_w1d0ae1a30-6dca-43cf-bf74-e0de073014d9.tif",2,"k23",
93,"mcf-z-stacks-03212011_k24_s1_w19c191f9f-015c-4b07-8169-ede90a078cdd.tif",1,"k24",
88,"mcf-z-stacks-03212011_k24_s2_w1743dee3e-9414-4d69-9aec-1751b3b0b1d8.tif",2,"k24",
133,"mcf-z-stacks-03212011_l01_s1_w1863bba13-61cb-46f1-8a6c-b733366b6e9f.tif",1,"l01",
119,"mcf-z-stacks-03212011_l01_s2_w11ad3bd0a-264e-47d0-bf81-a4d0e4df0843.tif",2,"l01",
108,"mcf-z-stacks-03212011_l02_s1_w1b72e1a88-c31e-4ef3-ad5e-0f1dcd82294a.tif",1,"l02",
108,"mcf-z-stacks-03212011_l02_s2_w1b54b553d-e22a-46ed-8b8b-6dd7aaf18843.tif",2,"l02",
136,"mcf-z-stacks-03212011_l03_s1_w1a2a930c3-517e-4199-96c5-4a1f7188c8a0.tif",1,"l03",
125,"mcf-z-stacks-03212011_l03_s2_w1be002182-57e5-415c-a865-dc5cb53f8bda.tif",2,"l03",
141,"mcf-z-stacks-03212011_l04_s1_w1bd85186e-0b8b-4a74-ba4c-3ccd544e4ce1.tif",1,"l04",
76,"mcf-z-stacks-03212011_l04_s2_w14701e718-6ff4-4223-8c0d-d79d978bab62.tif",2,"l04",
98,"mcf-z-stacks-03212011_l05_s1_w113f33a45-7aed-4ce9-8771-d817ec834c3d.tif",1,"l05",
91,"mcf-z-stacks-03212011_l05_s2_w18048f648-54fe-4a0d-ad80-ff1812ec2ad0.tif",2,"l05",
108,"mcf-z-stacks-03212011_l06_s1_w13739b110-b3bf-442f-bec9-732a1f02f9a1.tif",1,"l06",
71,"mcf-z-stacks-03212011_l06_s2_w19b1f79b5-6d4f-4b7f-86d8-765ba94eb4bb.tif",2,"l06",
91,"mcf-z-stacks-03212011_l07_s1_w1fc471d68-1b0c-4235-ae3c-b6ddec2811c3.tif",1,"l07",
107,"mcf-z-stacks-03212011_l07_s2_w1686a4989-6080-40b8-87ce-3716fe1ebc11.tif",2,"l07",
121,"mcf-z-stacks-03212011_l08_s1_w148fb5798-7852-4351-a9e7-44b657b8dcee.tif",1,"l08",
95,"mcf-z-stacks-03212011_l08_s2_w1b3ae1445-36ff-4fef-9e33-b1d6da86a62e.tif",2,"l08",
11,"mcf-z-stacks-03212011_l09_s1_w111d898cb-2707-4506-9f2c-a006fc52162f.tif",1,"l09",
20,"mcf-z-stacks-03212011_l09_s2_w1dd8f4d1c-3b23-4cc5-b467-8dae6f927cc7.tif",2,"l09",
120,"mcf-z-stacks-03212011_l10_s1_w1c70ab4b6-f9e9-498b-a56f-71efd608fcc1.tif",1,"l10",
110,"mcf-z-stacks-03212011_l10_s2_w164185bdc-5b58-4371-bbff-f6f5df9edfb7.tif",2,"l10",
106,"mcf-z-stacks-03212011_l11_s1_w1b0c2d987-d1c6-42e5-8357-1d3ade19327a.tif",1,"l11",
117,"mcf-z-stacks-03212011_l11_s2_w1af5e5f82-bb80-4a1f-95d5-848a080e51f7.tif",2,"l11",
144,"mcf-z-stacks-03212011_l12_s1_w19c22c600-690b-47f4-abd0-0026463b31c8.tif",1,"l12",
132,"mcf-z-stacks-03212011_l12_s2_w172fe94fe-dd4b-44ba-ae20-8b77f1240494.tif",2,"l12",
135,"mcf-z-stacks-03212011_l13_s1_w107402a89-7f0f-4da4-9876-a4cc03c79942.tif",1,"l13",
150,"mcf-z-stacks-03212011_l13_s2_w1cd93517d-7c79-4894-823b-1f7914814a0c.tif",2,"l13",
115,"mcf-z-stacks-03212011_l14_s1_w114d3e6be-68de-4cbb-8a48-fd4599821f95.tif",1,"l14",
132,"mcf-z-stacks-03212011_l14_s2_w1cea5542d-d1fb-4129-ba58-e2abf70f775c.tif",2,"l14",
153,"mcf-z-stacks-03212011_l15_s1_w14cca661d-2128-4cf8-86a2-1d75e223e31a.tif",1,"l15",
131,"mcf-z-stacks-03212011_l15_s2_w1d6e73240-5a25-4ebb-a3c9-5a3feb4e18f0.tif",2,"l15",
146,"mcf-z-stacks-03212011_l16_s1_w1fc45f824-9832-4a3b-a466-7166a8a80790.tif",1,"l16",
163,"mcf-z-stacks-03212011_l16_s2_w160c60ea1-df89-4787-b80d-d821c729f26b.tif",2,"l16",
110,"mcf-z-stacks-03212011_l17_s1_w1231e6f97-a9b0-45e3-be76-9e3dff39d7c8.tif",1,"l17",
169,"mcf-z-stacks-03212011_l17_s2_w1a12d7f79-d549-4c90-bc82-2f571305725a.tif",2,"l17",
125,"mcf-z-stacks-03212011_l18_s1_w12b88761b-c287-40b5-80d2-e2c3e904b1ca.tif",1,"l18",
164,"mcf-z-stacks-03212011_l18_s2_w11b0c2273-a8e6-4343-94aa-ec09e1844008.tif",2,"l18",
112,"mcf-z-stacks-03212011_l19_s1_w13b5afe1a-bcf0-4c68-a2eb-35f52b45a95d.tif",1,"l19",
139,"mcf-z-stacks-03212011_l19_s2_w1dd19b8ae-001b-41b3-8af5-11dadd0efb93.tif",2,"l19",
143,"mcf-z-stacks-03212011_l20_s1_w15132c4ba-222c-44ad-ae9c-3f339923dcf2.tif",1,"l20",
156,"mcf-z-stacks-03212011_l20_s2_w18f8b8b0c-8094-4784-823a-88b913a1501c.tif",2,"l20",
71,"mcf-z-stacks-03212011_l21_s1_w1cecb5b80-244f-4635-9f84-e1d838457b30.tif",1,"l21",
80,"mcf-z-stacks-03212011_l21_s2_w1c1a5ca59-a8b1-4511-911e-ecf89c59098b.tif",2,"l21",
98,"mcf-z-stacks-03212011_l22_s1_w170be7578-54a4-4a82-b032-91a63b764e4c.tif",1,"l22",
112,"mcf-z-stacks-03212011_l22_s2_w17c8bb300-b966-4338-9d82-0893b0f12fd4.tif",2,"l22",
103,"mcf-z-stacks-03212011_l23_s1_w10ac80492-6e8a-46e5-aafa-8fad3eaab887.tif",1,"l23",
144,"mcf-z-stacks-03212011_l23_s2_w1671d0ebb-1584-4994-80f8-aa7cce3e37f0.tif",2,"l23",
56,"mcf-z-stacks-03212011_l24_s1_w1840830cc-7652-49c9-81e7-bc4538757138.tif",1,"l24",
111,"mcf-z-stacks-03212011_l24_s2_w1bd0370b4-9f6c-4d67-921c-be9e6f0b9999.tif",2,"l24",
98,"mcf-z-stacks-03212011_m01_s1_w1d22c35fe-6f5e-48eb-9e10-c96125503f17.tif",1,"m01",
59,"mcf-z-stacks-03212011_m01_s2_w137d77979-9505-405f-945b-6eb67581c180.tif",2,"m01",
136,"mcf-z-stacks-03212011_m02_s1_w1d46beb86-f391-47d0-8c4d-e43bd9f738f3.tif",1,"m02",
75,"mcf-z-stacks-03212011_m02_s2_w1270a6a44-def5-41d8-8567-22e944b9ae01.tif",2,"m02",
128,"mcf-z-stacks-03212011_m03_s1_w16ff84e30-246c-47e7-ad62-b1bebe7105e2.tif",1,"m03",
134,"mcf-z-stacks-03212011_m03_s2_w1f7a85ae2-c09b-4972-a32b-7fc45a588e6f.tif",2,"m03",
13,"mcf-z-stacks-03212011_m04_s1_w11a7a1919-3bd7-48f0-bcac-ea959ce6dda9.tif",1,"m04",
15,"mcf-z-stacks-03212011_m04_s2_w12fab70b2-ffaf-42b8-9a51-1dec24303532.tif",2,"m04",
78,"mcf-z-stacks-03212011_m05_s1_w164d85729-5b56-4be4-ad12-fc1f92975153.tif",1,"m05",
73,"mcf-z-stacks-03212011_m05_s2_w19b382b5d-b020-4b55-8a3e-7931909dd2ba.tif",2,"m05",
121,"mcf-z-stacks-03212011_m06_s1_w14b73d346-da44-4b09-a1fa-fec8a65f500f.tif",1,"m06",
99,"mcf-z-stacks-03212011_m06_s2_w17b056793-efa6-4bf7-89fc-e33b140a2285.tif",2,"m06",
143,"mcf-z-stacks-03212011_m07_s1_w145c0adf0-d6b3-494f-a8b2-d8d93cae7b4c.tif",1,"m07",
134,"mcf-z-stacks-03212011_m07_s2_w174c8d0d0-2bd9-4d56-9afe-c83223221861.tif",2,"m07",
102,"mcf-z-stacks-03212011_m08_s1_w1082feffb-ac7a-469d-85a7-fa6328787f70.tif",1,"m08",
113,"mcf-z-stacks-03212011_m08_s2_w1cc85c264-ceeb-4f9c-97f3-94ddd1b8dc27.tif",2,"m08",
120,"mcf-z-stacks-03212011_m09_s1_w185e76ba0-9a9a-4f6d-834a-bcb6eb39595b.tif",1,"m09",
151,"mcf-z-stacks-03212011_m09_s2_w1c31ff14f-c99b-4e08-b37f-bfbdf3940f76.tif",2,"m09",
134,"mcf-z-stacks-03212011_m10_s1_w1e41543de-8256-4603-ba74-bde889571dcb.tif",1,"m10",
120,"mcf-z-stacks-03212011_m10_s2_w1d1886565-8be1-4885-a869-d3b539f69e30.tif",2,"m10",
129,"mcf-z-stacks-03212011_m11_s1_w154084d90-1a54-42b2-944b-bdeb32d6c8e9.tif",1,"m11",
103,"mcf-z-stacks-03212011_m11_s2_w1df160f0d-4285-455d-8558-31a0db575568.tif",2,"m11",
98,"mcf-z-stacks-03212011_m12_s1_w1f1283624-388b-4b25-825b-603fd4f48c7c.tif",1,"m12",
111,"mcf-z-stacks-03212011_m12_s2_w196cdf3ab-530e-4e65-9dde-8d1949fea1ad.tif",2,"m12",
140,"mcf-z-stacks-03212011_m13_s1_w18f48387b-9cb6-42d3-9ec9-5695e33b785a.tif",1,"m13",
118,"mcf-z-stacks-03212011_m13_s2_w1ab3adbc6-c79b-46d1-80d3-ce42b0d3aad1.tif",2,"m13",
104,"mcf-z-stacks-03212011_m14_s1_w1551b0baa-80a0-4aa9-95a3-29caa617f1a4.tif",1,"m14",
119,"mcf-z-stacks-03212011_m14_s2_w1f3fd917a-3360-4f64-8c9b-a079c95b5122.tif",2,"m14",
155,"mcf-z-stacks-03212011_m15_s1_w13f255db1-c0e5-406a-8de1-b0efb75994ea.tif",1,"m15",
138,"mcf-z-stacks-03212011_m15_s2_w181d5869c-0fc3-4623-917b-3256f5d63ab7.tif",2,"m15",
107,"mcf-z-stacks-03212011_m16_s1_w16b27193f-c19b-4529-81e1-8d4949e32d5b.tif",1,"m16",
118,"mcf-z-stacks-03212011_m16_s2_w1e510c1a0-ffaa-4182-a315-843de227e1f6.tif",2,"m16",
114,"mcf-z-stacks-03212011_m17_s1_w1adb5d4a2-47b1-4d1a-a802-abcb683d2cb4.tif",1,"m17",
135,"mcf-z-stacks-03212011_m17_s2_w18fd32342-9394-4677-9d00-f0df403e2465.tif",2,"m17",
120,"mcf-z-stacks-03212011_m18_s1_w1fe436b84-0d7b-4f40-aee6-2edc25e5c081.tif",1,"m18",
121,"mcf-z-stacks-03212011_m18_s2_w166790efa-5b11-4f67-a43a-bcea4727e483.tif",2,"m18",
155,"mcf-z-stacks-03212011_m19_s1_w10dc7db98-d97f-431e-99e7-c718c2703988.tif",1,"m19",
87,"mcf-z-stacks-03212011_m19_s2_w17152cdf4-9c95-4c5e-9803-73bc3cf3db57.tif",2,"m19",
176,"mcf-z-stacks-03212011_m20_s1_w1685f3d39-9af4-4748-878f-7f7cdcf562f3.tif",1,"m20",
108,"mcf-z-stacks-03212011_m20_s2_w18457bd84-a2ab-4cfa-86cb-22aa292c7078.tif",2,"m20",
129,"mcf-z-stacks-03212011_m21_s1_w1e8babc5c-bc42-478a-9090-c7822c398de7.tif",1,"m21",
83,"mcf-z-stacks-03212011_m21_s2_w13c75cc74-d726-4a00-acab-9a84945eda7a.tif",2,"m21",
124,"mcf-z-stacks-03212011_m22_s1_w1e76f01f5-1465-43a7-89f2-3c65be7ec47d.tif",1,"m22",
106,"mcf-z-stacks-03212011_m22_s2_w10ee7f44a-90f6-457f-8aaf-2decd7cf22c4.tif",2,"m22",
17,"mcf-z-stacks-03212011_m23_s1_w1a28a66e4-aaf9-460c-9e34-bd6de05f0307.tif",1,"m23",
19,"mcf-z-stacks-03212011_m23_s2_w1bef0c073-e3dd-421a-95f1-5df179d53365.tif",2,"m23",
53,"mcf-z-stacks-03212011_m24_s1_w15f0bda9e-a5bb-4dad-905e-ebe15860883e.tif",1,"m24",
91,"mcf-z-stacks-03212011_m24_s2_w10320d4e6-e239-4d9c-8183-a84d3f67a2dd.tif",2,"m24",
112,"mcf-z-stacks-03212011_n01_s1_w11d843948-1be6-4887-ad02-5aa65f34e971.tif",1,"n01",
81,"mcf-z-stacks-03212011_n01_s2_w163fbd2c2-1b16-4baa-973d-d8770e2464b2.tif",2,"n01",
133,"mcf-z-stacks-03212011_n02_s1_w15b3c68f8-7fab-4107-b680-81c8fe4c9ba4.tif",1,"n02",
93,"mcf-z-stacks-03212011_n02_s2_w1ce5a6401-cdcd-4dd0-9cdc-b8da9570567e.tif",2,"n02",
131,"mcf-z-stacks-03212011_n03_s1_w1e46f9336-f5d2-4233-9029-5839babfe560.tif",1,"n03",
100,"mcf-z-stacks-03212011_n03_s2_w14b63495c-ddf4-45df-b8d9-f09f280c2dd5.tif",2,"n03",
131,"mcf-z-stacks-03212011_n04_s1_w1cb4acf79-3feb-4eec-b076-d16191adc755.tif",1,"n04",
122,"mcf-z-stacks-03212011_n04_s2_w1e18c3be2-ac15-4039-a1ff-50833d58833e.tif",2,"n04",
121,"mcf-z-stacks-03212011_n05_s1_w138bce6cc-805c-4ef0-b4bd-74b84d470088.tif",1,"n05",
116,"mcf-z-stacks-03212011_n05_s2_w18a35e9e2-6474-4ccd-956a-7cae3feb0070.tif",2,"n05",
141,"mcf-z-stacks-03212011_n06_s1_w17c78ba51-77c4-47ea-9497-725748c33690.tif",1,"n06",
151,"mcf-z-stacks-03212011_n06_s2_w1cb243bc2-bfc1-4834-8dd4-c285a2e0b218.tif",2,"n06",
107,"mcf-z-stacks-03212011_n07_s1_w13fa22561-11ee-4ea3-94c9-87096ca49b98.tif",1,"n07",
136,"mcf-z-stacks-03212011_n07_s2_w1f22e16bd-4ab4-4b4f-889c-b3b6e24461f1.tif",2,"n07",
110,"mcf-z-stacks-03212011_n08_s1_w1d4e18a0a-9819-4460-ab6b-866a2924e7b2.tif",1,"n08",
96,"mcf-z-stacks-03212011_n08_s2_w1a7984672-e614-469b-86c3-c036b0f7cc00.tif",2,"n08",
128,"mcf-z-stacks-03212011_n09_s1_w1f7ceaf08-98bd-4420-97f5-38413dc901ab.tif",1,"n09",
114,"mcf-z-stacks-03212011_n09_s2_w11ff31085-1656-4412-9cdb-388eb9618694.tif",2,"n09",
99,"mcf-z-stacks-03212011_n10_s1_w1cd4a4446-7b03-4a40-970f-295ffde8bacb.tif",1,"n10",
116,"mcf-z-stacks-03212011_n10_s2_w17499bc0b-0914-4756-a2da-1d99584e7649.tif",2,"n10",
103,"mcf-z-stacks-03212011_n11_s1_w1f154b165-db45-46a3-864e-f1f19d5dd70e.tif",1,"n11",
118,"mcf-z-stacks-03212011_n11_s2_w10037d046-b13c-46e5-9505-7da9e807d1ea.tif",2,"n11",
107,"mcf-z-stacks-03212011_n12_s1_w1b49f763d-75e9-4317-9f18-cde35da48b97.tif",1,"n12",
102,"mcf-z-stacks-03212011_n12_s2_w144e0a277-ab14-4868-b9e7-adaf7c913719.tif",2,"n12",
128,"mcf-z-stacks-03212011_n13_s1_w1b761ef06-3e40-40ae-bed6-72a998c4c57a.tif",1,"n13",
140,"mcf-z-stacks-03212011_n13_s2_w10a689a25-3814-4c95-96f6-a7c62b089101.tif",2,"n13",
154,"mcf-z-stacks-03212011_n14_s1_w1293af23b-27f8-4013-8be6-b4b1ef79526a.tif",1,"n14",
132,"mcf-z-stacks-03212011_n14_s2_w1fc3f3133-d419-487e-876e-4918d8a19a87.tif",2,"n14",
134,"mcf-z-stacks-03212011_n15_s1_w114604495-2221-46e5-aa66-d406444f1f0d.tif",1,"n15",
126,"mcf-z-stacks-03212011_n15_s2_w1026317e9-9590-4338-89b2-605e5e38b6ff.tif",2,"n15",
90,"mcf-z-stacks-03212011_n16_s1_w10646f6b9-148e-4d5b-aacb-5e502ee5ea4a.tif",1,"n16",
92,"mcf-z-stacks-03212011_n16_s2_w1314c2c67-eb9b-4d72-9d08-09247fc486d6.tif",2,"n16",
103,"mcf-z-stacks-03212011_n17_s1_w1ecb60241-31f1-4093-8bff-fc72ffbe2aa9.tif",1,"n17",
146,"mcf-z-stacks-03212011_n17_s2_w1644bd8ce-3f6b-424b-a2b6-b7e2e31226bf.tif",2,"n17",
111,"mcf-z-stacks-03212011_n18_s1_w1084e6e0f-a2e4-4c15-b261-7e390e76f19c.tif",1,"n18",
102,"mcf-z-stacks-03212011_n18_s2_w149aa0707-72db-4daf-ad00-c78133629e12.tif",2,"n18",
89,"mcf-z-stacks-03212011_n19_s1_w1675c30ac-e497-4458-8f2d-d8388175d7a2.tif",1,"n19",
93,"mcf-z-stacks-03212011_n19_s2_w10fddd918-84e1-47c0-a915-562324af7d6d.tif",2,"n19",
126,"mcf-z-stacks-03212011_n20_s1_w1f1624772-39ee-4100-b132-d77596d11291.tif",1,"n20",
148,"mcf-z-stacks-03212011_n20_s2_w113e93231-e83b-4c10-95cc-3de9b7ab874c.tif",2,"n20",
88,"mcf-z-stacks-03212011_n21_s1_w114b77f9a-12c7-4639-b908-a59ccb57ca18.tif",1,"n21",
84,"mcf-z-stacks-03212011_n21_s2_w14a61f374-ee08-47c0-b52f-35e166bb2a64.tif",2,"n21",
120,"mcf-z-stacks-03212011_n22_s1_w10d196a8b-cae7-4cec-ad21-a5f12f9d11ee.tif",1,"n22",
150,"mcf-z-stacks-03212011_n22_s2_w1a5b71821-030a-4077-a269-01582648ab2d.tif",2,"n22",
83,"mcf-z-stacks-03212011_n23_s1_w1547245fe-f566-4f77-b93e-e411ddc24099.tif",1,"n23",
143,"mcf-z-stacks-03212011_n23_s2_w1c0beeb36-6a7d-4c88-9d6e-568e377db346.tif",2,"n23",
45,"mcf-z-stacks-03212011_n24_s1_w102653d3a-aac5-4e20-be04-49d7e61a5b5c.tif",1,"n24",
57,"mcf-z-stacks-03212011_n24_s2_w1050ca540-6786-49ed-8342-1311369ff437.tif",2,"n24",
117,"mcf-z-stacks-03212011_o01_s1_w1a12cf341-e552-403f-9a2a-ecc2be648f7e.tif",1,"o01",
80,"mcf-z-stacks-03212011_o01_s2_w16ccc6c10-938c-4fc6-bd5f-137383aab88b.tif",2,"o01",
134,"mcf-z-stacks-03212011_o02_s1_w1b22417b0-3c7b-4aff-9252-92e1653a1b2c.tif",1,"o02",
94,"mcf-z-stacks-03212011_o02_s2_w17cc36702-6363-4662-87c2-fa7d5f12aa51.tif",2,"o02",
142,"mcf-z-stacks-03212011_o03_s1_w1f75de14a-46dd-407b-9830-dbfadf16a175.tif",1,"o03",
115,"mcf-z-stacks-03212011_o03_s2_w1f1eb5441-6c4f-4515-b82c-094987c8aebd.tif",2,"o03",
154,"mcf-z-stacks-03212011_o04_s1_w145e1ff55-b82a-4578-a844-83b0a92610ae.tif",1,"o04",
107,"mcf-z-stacks-03212011_o04_s2_w179ce3f28-8941-4574-ad6f-874b3f6e0c41.tif",2,"o04",
117,"mcf-z-stacks-03212011_o05_s1_w17cbda3f9-7932-4af9-97f9-14029ed45cc2.tif",1,"o05",
81,"mcf-z-stacks-03212011_o05_s2_w112ba7aca-942f-4e6f-9e3f-0465afea26f1.tif",2,"o05",
113,"mcf-z-stacks-03212011_o06_s1_w115635773-68af-4653-9cd6-d18848b2a2bf.tif",1,"o06",
91,"mcf-z-stacks-03212011_o06_s2_w1011f6346-ef00-4dd1-94e5-59b402356662.tif",2,"o06",
102,"mcf-z-stacks-03212011_o07_s1_w15eec7414-764e-47d4-8684-319bc517fa26.tif",1,"o07",
79,"mcf-z-stacks-03212011_o07_s2_w1dfd10b86-a599-4a8b-87f8-c3483254fa2c.tif",2,"o07",
108,"mcf-z-stacks-03212011_o08_s1_w1b03ad17b-1b94-4611-9f65-e880987bc04c.tif",1,"o08",
84,"mcf-z-stacks-03212011_o08_s2_w128795aa1-3656-4bbe-a96c-78c9593003e3.tif",2,"o08",
115,"mcf-z-stacks-03212011_o09_s1_w18440b1e0-40eb-4f0f-9ba6-e5ee9d2c1631.tif",1,"o09",
91,"mcf-z-stacks-03212011_o09_s2_w1b17571cc-9230-42e9-985d-079a70e55a66.tif",2,"o09",
101,"mcf-z-stacks-03212011_o10_s1_w17add2488-8660-470f-b8ec-8866bb801efa.tif",1,"o10",
116,"mcf-z-stacks-03212011_o10_s2_w1e01d28c8-bd42-4ef0-a4a5-dabf120a3c96.tif",2,"o10",
86,"mcf-z-stacks-03212011_o11_s1_w12e0ef152-3917-4792-bd87-3522be278292.tif",1,"o11",
90,"mcf-z-stacks-03212011_o11_s2_w18918bf21-89df-4974-9522-b55e3bf46c96.tif",2,"o11",
66,"mcf-z-stacks-03212011_o12_s1_w1bb9e35ab-d5df-448f-b63a-826c1a970350.tif",1,"o12",
92,"mcf-z-stacks-03212011_o12_s2_w1b162c67d-0ae5-4397-a052-621d72caa112.tif",2,"o12",
3,"mcf-z-stacks-03212011_o13_s1_w189d6e601-61f4-4a03-8fc0-784ab668c200.tif",1,"o13",
11,"mcf-z-stacks-03212011_o13_s2_w1f9a9c062-cbee-4d3b-97d3-87ed2eabfb65.tif",2,"o13",
87,"mcf-z-stacks-03212011_o14_s1_w13f7b56d2-c981-4b77-86ab-504a5de33bf8.tif",1,"o14",
93,"mcf-z-stacks-03212011_o14_s2_w1d2d1dfb6-b061-40c8-a453-e38c537b596b.tif",2,"o14",
138,"mcf-z-stacks-03212011_o15_s1_w11a860334-b2b3-4cf1-8057-3bfa19710be9.tif",1,"o15",
106,"mcf-z-stacks-03212011_o15_s2_w1128bc88c-938b-4757-9a96-08baaa175a22.tif",2,"o15",
108,"mcf-z-stacks-03212011_o16_s1_w1f47c9aeb-4c6e-46d9-8c07-dc75d93a78f4.tif",1,"o16",
111,"mcf-z-stacks-03212011_o16_s2_w1ce2cec60-5940-4d0c-89d2-7b29295a1e6d.tif",2,"o16",
93,"mcf-z-stacks-03212011_o17_s1_w127d11090-14d4-4859-9c9c-f5dd3022b2b4.tif",1,"o17",
114,"mcf-z-stacks-03212011_o17_s2_w1d2f95426-d42a-4b26-a307-910d428c6cb0.tif",2,"o17",
96,"mcf-z-stacks-03212011_o18_s1_w1bc01e6dc-f26e-4798-ae1d-d1a62e299c7d.tif",1,"o18",
132,"mcf-z-stacks-03212011_o18_s2_w13d8871cc-27b8-4fb2-8a6c-40c025f99f37.tif",2,"o18",
102,"mcf-z-stacks-03212011_o19_s1_w164cb3690-c680-4749-ab0a-8548d579801c.tif",1,"o19",
129,"mcf-z-stacks-03212011_o19_s2_w139640a09-dc33-4ff8-842d-23b99329e242.tif",2,"o19",
83,"mcf-z-stacks-03212011_o20_s1_w1a43f2cf6-08bf-416c-abfc-824c21372ee6.tif",1,"o20",
108,"mcf-z-stacks-03212011_o20_s2_w175088e2c-3dbf-4b3b-a443-2896a34a91e1.tif",2,"o20",
111,"mcf-z-stacks-03212011_o21_s1_w19f15fd2f-713a-4f3d-b70b-e2363b87dbbf.tif",1,"o21",
135,"mcf-z-stacks-03212011_o21_s2_w14a071c1e-311b-4ac9-923f-d8d8655d121a.tif",2,"o21",
87,"mcf-z-stacks-03212011_o22_s1_w1f881b58a-6171-41dc-b924-0b606ecb3bb9.tif",1,"o22",
165,"mcf-z-stacks-03212011_o22_s2_w1af7e1c6f-e441-44bd-8632-c4f67180fd12.tif",2,"o22",
104,"mcf-z-stacks-03212011_o23_s1_w1fc1a1634-e5b6-4654-b24e-1c9237a9b324.tif",1,"o23",
104,"mcf-z-stacks-03212011_o23_s2_w116819b48-3c65-4ddb-af87-efe93453bf89.tif",2,"o23",
72,"mcf-z-stacks-03212011_o24_s1_w16e7d03ed-5705-4f0b-b99f-11eb942ef4d1.tif",1,"o24",
126,"mcf-z-stacks-03212011_o24_s2_w1df476fde-a4ca-4fa2-b234-05309267b09a.tif",2,"o24",
87,"mcf-z-stacks-03212011_p01_s1_w141a54208-3f28-49eb-9027-ce90b7312b8f.tif",1,"p01",
25,"mcf-z-stacks-03212011_p01_s2_w13613e11a-8e6a-45a2-a15f-d9178bf81308.tif",2,"p01",
79,"mcf-z-stacks-03212011_p02_s1_w1b3b9ac03-f116-4323-bbd6-2a72acc50183.tif",1,"p02",
75,"mcf-z-stacks-03212011_p02_s2_w14e2d8630-619d-4331-8fc2-5148950ce3aa.tif",2,"p02",
62,"mcf-z-stacks-03212011_p03_s1_w19f4229ef-5351-4d55-89fe-d879840114a0.tif",1,"p03",
61,"mcf-z-stacks-03212011_p03_s2_w1857199a3-3b77-4fb6-9f29-e76ef2b0bff5.tif",2,"p03",
114,"mcf-z-stacks-03212011_p04_s1_w1e38ab903-8541-4a85-a00b-f89841550bfb.tif",1,"p04",
59,"mcf-z-stacks-03212011_p04_s2_w14c910f75-5b29-4837-b2ea-dd3e7be78f98.tif",2,"p04",
60,"mcf-z-stacks-03212011_p05_s1_w1c384dd1f-8b01-44b9-8af0-9c2d5a376b4d.tif",1,"p05",
83,"mcf-z-stacks-03212011_p05_s2_w1e954af1d-f1af-431a-992d-e8cca881a63e.tif",2,"p05",
9,"mcf-z-stacks-03212011_p06_s1_w1047db616-fd3f-494f-8053-8374ecfa47ee.tif",1,"p06",
27,"mcf-z-stacks-03212011_p06_s2_w1581830e2-8147-45d2-9a73-4b3616aae134.tif",2,"p06",
63,"mcf-z-stacks-03212011_p07_s1_w10bc4d3e9-b6d3-40e4-83fa-285f351e85e0.tif",1,"p07",
108,"mcf-z-stacks-03212011_p07_s2_w1156fef26-955c-4a2b-abdc-141817bdfe60.tif",2,"p07",
94,"mcf-z-stacks-03212011_p08_s1_w1b6f1fc16-d111-4c64-a053-b6d9ccec5ea9.tif",1,"p08",
56,"mcf-z-stacks-03212011_p08_s2_w190ba1c0f-a90d-452c-8526-2a85b235069c.tif",2,"p08",
129,"mcf-z-stacks-03212011_p09_s1_w17e824034-0fce-4fbe-a4c7-dd3c0df28c91.tif",1,"p09",
91,"mcf-z-stacks-03212011_p09_s2_w152ee8f17-3ba5-4409-bb24-0320b4d7f6a2.tif",2,"p09",
86,"mcf-z-stacks-03212011_p10_s1_w1a24ac037-3177-4cb7-9ed3-3b1f15c657a4.tif",1,"p10",
48,"mcf-z-stacks-03212011_p10_s2_w1f5f2a944-3a75-49e4-b27c-3646fcb39af0.tif",2,"p10",
111,"mcf-z-stacks-03212011_p11_s1_w1bafc3d89-f1d3-40c8-82a1-f31fdf4fb3c6.tif",1,"p11",
125,"mcf-z-stacks-03212011_p11_s2_w17d81b81f-31c9-4420-9c44-e29058f2c04e.tif",2,"p11",
81,"mcf-z-stacks-03212011_p12_s1_w1b84460e6-8358-4843-8bc9-df1d05107b51.tif",1,"p12",
43,"mcf-z-stacks-03212011_p12_s2_w199f29831-5154-496c-a868-cd2d63835a32.tif",2,"p12",
75,"mcf-z-stacks-03212011_p13_s1_w1afc83d86-9665-4835-94de-05d3220275ed.tif",1,"p13",
98,"mcf-z-stacks-03212011_p13_s2_w1312059ea-052d-467a-85e6-923cbfafd7d1.tif",2,"p13",
97,"mcf-z-stacks-03212011_p14_s1_w14641161a-d495-46ae-a210-a342968b4e78.tif",1,"p14",
127,"mcf-z-stacks-03212011_p14_s2_w1049ddbac-d76d-43f4-af1e-584f707385c1.tif",2,"p14",
50,"mcf-z-stacks-03212011_p15_s1_w155e3f642-2f4b-4abb-8e9b-05a2a7983895.tif",1,"p15",
52,"mcf-z-stacks-03212011_p15_s2_w1470cf359-8188-4013-a633-f5b2123bc2e9.tif",2,"p15",
6,"mcf-z-stacks-03212011_p16_s1_w1144a8988-2d4b-4934-8167-c4c5ea5f7c80.tif",1,"p16",
14,"mcf-z-stacks-03212011_p16_s2_w1d8d896f5-752d-4786-83a2-9610dc562f22.tif",2,"p16",
12,"mcf-z-stacks-03212011_p17_s1_w1e14caced-c9b5-49ae-bb61-61f4d90d7c85.tif",1,"p17",
10,"mcf-z-stacks-03212011_p17_s2_w192679285-7682-404c-8ab3-bc539cffb487.tif",2,"p17",
89,"mcf-z-stacks-03212011_p18_s1_w14f29462b-f76d-46de-a1cb-8e7bdfe3df1d.tif",1,"p18",
139,"mcf-z-stacks-03212011_p18_s2_w19835f718-d79d-4b33-be88-3e5dc5bcf019.tif",2,"p18",
13,"mcf-z-stacks-03212011_p19_s1_w13a4fb166-de12-4034-a45e-0a08ee29612f.tif",1,"p19",
79,"mcf-z-stacks-03212011_p19_s2_w12377bef9-be99-41f5-9f58-8d1196f6f5b9.tif",2,"p19",
48,"mcf-z-stacks-03212011_p20_s1_w1050d1dfa-8276-48ad-b3d4-1e942fe87cb8.tif",1,"p20",
106,"mcf-z-stacks-03212011_p20_s2_w12dc48f6a-7408-46da-8b86-a71f7390a453.tif",2,"p20",
40,"mcf-z-stacks-03212011_p21_s1_w17316eecc-fbe9-466f-ae7c-fcb64414b89e.tif",1,"p21",
65,"mcf-z-stacks-03212011_p21_s2_w19a8b4661-a61f-4f92-9731-1f812b1462eb.tif",2,"p21",
63,"mcf-z-stacks-03212011_p22_s1_w1ec7bd0fc-c30d-4590-bd56-b88f35738d27.tif",1,"p22",
69,"mcf-z-stacks-03212011_p22_s2_w1978e87f3-6123-44eb-a94f-3c57b29fc470.tif",2,"p22",
55,"mcf-z-stacks-03212011_p23_s1_w1920e9393-ff3f-4b33-929b-506baee0e2ad.tif",1,"p23",
104,"mcf-z-stacks-03212011_p23_s2_w199fe7fb1-75f9-4049-ae55-0c1c458ed7c9.tif",2,"p23",
65,"mcf-z-stacks-03212011_p24_s1_w125ececcc-644a-4288-9e48-6fbc873229f5.tif",1,"p24",
133,"mcf-z-stacks-03212011_p24_s2_w125d55bdf-c1d2-46ab-9832-8ffdf254c0f3.tif",2,"p24",
